signal_threshold,entry_mode,stop_mode,stop_loss_pct,breakeven_after_l1,trail_callback_after_l1,tp_levels,close_pcts,trades,win_rate,avg_win,avg_loss,payoff,net_pnl_pct,net_expectancy_pct,net_profit_factor,max_dd_pct
55.0,dca,pct,5.0,False,1.0,"(1.5, 2.5, 3.0)","(25, 25, 50)",44,90.9,1.047,-4.73,0.22,22.96,0.522,2.21,8.32
55.0,dca,pct,5.0,True,1.0,"(1.5, 2.5, 3.0)","(25, 25, 50)",44,90.9,1.047,-4.73,0.22,22.96,0.522,2.21,8.32
55.0,dca,pct,5.0,False,1.0,"(1.5, 2.5, 3.0)","(40, 35, 25)",44,90.9,1.034,-4.73,0.22,22.45,0.51,2.19,8.32
55.0,dca,pct,5.0,False,1.0,"(1.5, 3.0, 5.0)","(25, 25, 50)",44,90.9,1.034,-4.73,0.22,22.46,0.51,2.19,8.32
55.0,dca,pct,5.0,True,1.0,"(1.5, 2.5, 3.0)","(40, 35, 25)",44,90.9,1.034,-4.73,0.22,22.45,0.51,2.19,8.32
55.0,dca,pct,5.0,True,1.0,"(1.5, 3.0, 5.0)","(25, 25, 50)",44,90.9,1.034,-4.73,0.22,22.46,0.51,2.19,8.32
55.0,dca,pct,5.0,False,1.0,"(1.5, 3.0, 5.0)","(40, 35, 25)",44,90.9,1.031,-4.73,0.22,22.33,0.507,2.18,8.32
55.0,dca,pct,5.0,True,1.0,"(1.5, 3.0, 5.0)","(40, 35, 25)",44,90.9,1.031,-4.73,0.22,22.33,0.507,2.18,8.32
55.0,full,pct,5.0,False,1.0,"(1.5, 2.5, 3.0)","(25, 25, 50)",44,90.9,1.062,-5.08,0.21,22.16,0.504,2.09,9.37
55.0,full,pct,5.0,True,1.0,"(1.5, 2.5, 3.0)","(25, 25, 50)",44,90.9,1.062,-5.08,0.21,22.16,0.504,2.09,9.37
55.0,dca,pct,5.0,False,0.4,"(1.5, 2.5, 3.0)","(25, 25, 50)",45,91.1,1.011,-4.73,0.21,22.51,0.5,2.19,8.32
55.0,dca,pct,5.0,True,0.4,"(1.5, 2.5, 3.0)","(25, 25, 50)",45,91.1,1.011,-4.73,0.21,22.51,0.5,2.19,8.32
55.0,dca,pct,5.0,False,0.4,"(1.5, 2.5, 3.0)","(40, 35, 25)",45,91.1,1.008,-4.73,0.21,22.4,0.498,2.18,8.32
55.0,dca,pct,5.0,False,0.4,"(1.5, 3.0, 5.0)","(25, 25, 50)",45,91.1,1.008,-4.73,0.21,22.42,0.498,2.18,8.32
55.0,dca,pct,5.0,True,0.4,"(1.5, 2.5, 3.0)","(40, 35, 25)",45,91.1,1.008,-4.73,0.21,22.4,0.498,2.18,8.32
55.0,dca,pct,5.0,True,0.4,"(1.5, 3.0, 5.0)","(25, 25, 50)",45,91.1,1.008,-4.73,0.21,22.42,0.498,2.18,8.32
55.0,dca,pct,5.0,False,0.4,"(1.5, 3.0, 5.0)","(40, 35, 25)",45,91.1,1.005,-4.73,0.21,22.29,0.495,2.18,8.32
55.0,dca,pct,5.0,True,0.4,"(1.5, 3.0, 5.0)","(40, 35, 25)",45,91.1,1.005,-4.73,0.21,22.29,0.495,2.18,8.32
55.0,full,pct,5.0,False,1.0,"(1.5, 2.5, 3.0)","(40, 35, 25)",44,90.9,1.047,-5.08,0.21,21.57,0.49,2.06,9.37
55.0,full,pct,5.0,True,1.0,"(1.5, 2.5, 3.0)","(40, 35, 25)",44,90.9,1.047,-5.08,0.21,21.57,0.49,2.06,9.37
55.0,full,pct,5.0,False,1.0,"(1.5, 3.0, 5.0)","(25, 25, 50)",44,90.9,1.046,-5.08,0.21,21.52,0.489,2.06,9.37
55.0,full,pct,5.0,True,1.0,"(1.5, 3.0, 5.0)","(25, 25, 50)",44,90.9,1.046,-5.08,0.21,21.52,0.489,2.06,9.37
55.0,full,pct,5.0,False,1.0,"(1.5, 3.0, 5.0)","(40, 35, 25)",44,90.9,1.045,-5.08,0.21,21.47,0.488,2.06,9.37
55.0,full,pct,5.0,True,1.0,"(1.5, 3.0, 5.0)","(40, 35, 25)",44,90.9,1.045,-5.08,0.21,21.47,0.488,2.06,9.37
55.0,full,pct,5.0,False,0.4,"(1.5, 2.5, 3.0)","(25, 25, 50)",45,91.1,1.029,-5.08,0.2,21.89,0.486,2.08,9.37
55.0,full,pct,5.0,True,0.4,"(1.5, 2.5, 3.0)","(25, 25, 50)",45,91.1,1.029,-5.08,0.2,21.89,0.486,2.08,9.37
55.0,full,pct,5.0,False,0.4,"(1.5, 3.0, 5.0)","(25, 25, 50)",45,91.1,1.027,-5.08,0.2,21.79,0.484,2.07,9.37
55.0,full,pct,5.0,True,0.4,"(1.5, 3.0, 5.0)","(25, 25, 50)",45,91.1,1.027,-5.08,0.2,21.79,0.484,2.07,9.37
55.0,full,pct,5.0,False,0.4,"(1.5, 2.5, 3.0)","(40, 35, 25)",45,91.1,1.026,-5.08,0.2,21.73,0.483,2.07,9.37
55.0,full,pct,5.0,True,0.4,"(1.5, 2.5, 3.0)","(40, 35, 25)",45,91.1,1.026,-5.08,0.2,21.73,0.483,2.07,9.37
55.0,full,pct,5.0,False,0.4,"(1.5, 3.0, 5.0)","(40, 35, 25)",45,91.1,1.023,-5.08,0.2,21.63,0.481,2.06,9.37
55.0,full,pct,5.0,True,0.4,"(1.5, 3.0, 5.0)","(40, 35, 25)",45,91.1,1.023,-5.08,0.2,21.63,0.481,2.06,9.37
55.0,dca,pct,5.0,False,1.5,"(1.5, 2.5, 3.0)","(25, 25, 50)",43,90.7,0.955,-4.73,0.2,18.31,0.426,1.97,8.32
55.0,dca,pct,5.0,True,1.5,"(1.5, 2.5, 3.0)","(25, 25, 50)",43,90.7,0.954,-4.73,0.2,18.3,0.426,1.97,8.32
55.0,dca,pct,5.0,False,1.5,"(1.5, 3.0, 5.0)","(25, 25, 50)",43,90.7,0.95,-4.73,0.2,18.13,0.422,1.96,8.32
55.0,dca,pct,5.0,True,1.5,"(1.5, 3.0, 5.0)","(25, 25, 50)",43,90.7,0.95,-4.73,0.2,18.12,0.421,1.96,8.32
55.0,dca,pct,5.0,False,1.5,"(1.5, 3.0, 5.0)","(40, 35, 25)",43,90.7,0.948,-4.73,0.2,18.05,0.42,1.95,8.32
55.0,dca,pct,5.0,True,1.5,"(1.5, 3.0, 5.0)","(40, 35, 25)",43,90.7,0.948,-4.73,0.2,18.04,0.419,1.95,8.32
55.0,dca,pct,5.0,False,1.5,"(1.5, 2.5, 3.0)","(40, 35, 25)",43,90.7,0.945,-4.73,0.2,17.92,0.417,1.95,8.32
55.0,dca,pct,5.0,True,1.5,"(1.5, 2.5, 3.0)","(40, 35, 25)",43,90.7,0.945,-4.73,0.2,17.92,0.417,1.95,8.32
55.0,full,pct,3.0,False,1.0,"(1.5, 3.0, 5.0)","(25, 25, 50)",66,83.3,1.116,-3.08,0.36,27.49,0.416,1.81,7.97
55.0,full,pct,3.0,True,1.0,"(1.5, 3.0, 5.0)","(25, 25, 50)",66,83.3,1.116,-3.08,0.36,27.49,0.416,1.81,7.97
55.0,full,pct,3.0,False,1.0,"(1.5, 2.5, 3.0)","(25, 25, 50)",66,83.3,1.113,-3.08,0.36,27.32,0.414,1.81,7.83
55.0,full,pct,3.0,True,1.0,"(1.5, 2.5, 3.0)","(25, 25, 50)",66,83.3,1.113,-3.08,0.36,27.32,0.414,1.81,7.83
55.0,full,pct,5.0,False,1.5,"(1.5, 3.0, 5.0)","(40, 35, 25)",43,90.7,0.973,-5.08,0.19,17.63,0.41,1.87,9.37
55.0,full,pct,5.0,False,1.5,"(1.5, 2.5, 3.0)","(25, 25, 50)",43,90.7,0.971,-5.08,0.19,17.57,0.409,1.86,9.37
55.0,full,pct,5.0,False,1.5,"(1.5, 3.0, 5.0)","(25, 25, 50)",43,90.7,0.972,-5.08,0.19,17.57,0.409,1.86,9.37
55.0,full,pct,5.0,True,1.5,"(1.5, 3.0, 5.0)","(40, 35, 25)",43,90.7,0.968,-5.08,0.19,17.44,0.406,1.86,9.37
55.0,full,pct,3.0,False,1.0,"(1.5, 3.0, 5.0)","(40, 35, 25)",66,83.3,1.102,-3.08,0.36,26.76,0.405,1.79,7.94
55.0,full,pct,3.0,True,1.0,"(1.5, 3.0, 5.0)","(40, 35, 25)",66,83.3,1.102,-3.08,0.36,26.76,0.405,1.79,7.94
55.0,full,pct,5.0,False,1.5,"(1.5, 2.5, 3.0)","(40, 35, 25)",43,90.7,0.966,-5.08,0.19,17.37,0.404,1.85,9.37
55.0,full,pct,5.0,True,1.5,"(1.5, 2.5, 3.0)","(25, 25, 50)",43,90.7,0.966,-5.08,0.19,17.34,0.403,1.85,9.37
55.0,full,pct,5.0,True,1.5,"(1.5, 3.0, 5.0)","(25, 25, 50)",43,90.7,0.966,-5.08,0.19,17.34,0.403,1.85,9.37
55.0,full,pct,5.0,True,1.5,"(1.5, 2.5, 3.0)","(40, 35, 25)",43,90.7,0.962,-5.08,0.19,17.18,0.4,1.85,9.37
55.0,full,pct,3.0,False,0.4,"(1.5, 3.0, 5.0)","(25, 25, 50)",68,83.8,1.067,-3.08,0.35,26.96,0.396,1.8,7.22
55.0,full,pct,3.0,False,1.0,"(1.5, 2.5, 3.0)","(40, 35, 25)",66,83.3,1.091,-3.08,0.35,26.14,0.396,1.77,7.97
55.0,full,pct,3.0,True,0.4,"(1.5, 3.0, 5.0)","(25, 25, 50)",68,83.8,1.067,-3.08,0.35,26.96,0.396,1.8,7.22
55.0,full,pct,3.0,True,1.0,"(1.5, 2.5, 3.0)","(40, 35, 25)",66,83.3,1.091,-3.08,0.35,26.14,0.396,1.77,7.97
55.0,full,pct,3.0,False,0.4,"(1.5, 2.5, 3.0)","(25, 25, 50)",68,83.8,1.063,-3.08,0.35,26.71,0.393,1.79,7.22
55.0,full,pct,3.0,True,0.4,"(1.5, 2.5, 3.0)","(25, 25, 50)",68,83.8,1.063,-3.08,0.35,26.71,0.393,1.79,7.22
55.0,full,pct,3.0,False,0.4,"(1.5, 3.0, 5.0)","(40, 35, 25)",68,83.8,1.061,-3.08,0.34,26.57,0.391,1.78,7.11
55.0,full,pct,3.0,True,0.4,"(1.5, 3.0, 5.0)","(40, 35, 25)",68,83.8,1.061,-3.08,0.34,26.57,0.391,1.78,7.11
55.0,full,pct,3.0,False,0.4,"(1.5, 2.5, 3.0)","(40, 35, 25)",68,83.8,1.058,-3.08,0.34,26.43,0.389,1.78,7.11
55.0,full,pct,3.0,True,0.4,"(1.5, 2.5, 3.0)","(40, 35, 25)",68,83.8,1.058,-3.08,0.34,26.43,0.389,1.78,7.11
55.0,pyramid,pct,5.0,False,1.0,"(1.5, 2.5, 3.0)","(25, 25, 50)",44,90.9,0.712,-2.993,0.24,16.51,0.375,2.38,4.72
50.0,full,pct,3.0,False,0.4,"(1.5, 3.0, 5.0)","(25, 25, 50)",91,83.5,1.056,-3.08,0.34,34.04,0.374,1.74,9.8
50.0,full,pct,3.0,True,0.4,"(1.5, 3.0, 5.0)","(25, 25, 50)",91,83.5,1.056,-3.08,0.34,34.04,0.374,1.74,9.8
50.0,full,pct,3.0,False,0.4,"(1.5, 2.5, 3.0)","(25, 25, 50)",91,83.5,1.052,-3.08,0.34,33.78,0.371,1.73,9.8
50.0,full,pct,3.0,True,0.4,"(1.5, 2.5, 3.0)","(25, 25, 50)",91,83.5,1.052,-3.08,0.34,33.78,0.371,1.73,9.8
55.0,pyramid,pct,5.0,True,1.0,"(1.5, 2.5, 3.0)","(25, 25, 50)",44,90.9,0.708,-2.993,0.24,16.33,0.371,2.36,4.72
50.0,full,pct,3.0,False,0.4,"(1.5, 3.0, 5.0)","(40, 35, 25)",91,83.5,1.05,-3.08,0.34,33.61,0.369,1.73,9.74
50.0,full,pct,3.0,True,0.4,"(1.5, 3.0, 5.0)","(40, 35, 25)",91,83.5,1.05,-3.08,0.34,33.61,0.369,1.73,9.74
50.0,full,pct,3.0,False,0.4,"(1.5, 2.5, 3.0)","(40, 35, 25)",91,83.5,1.048,-3.08,0.34,33.46,0.368,1.72,9.74
50.0,full,pct,3.0,True,0.4,"(1.5, 2.5, 3.0)","(40, 35, 25)",91,83.5,1.048,-3.08,0.34,33.46,0.368,1.72,9.74
55.0,dca,pct,3.0,False,1.0,"(1.5, 3.0, 5.0)","(25, 25, 50)",66,83.3,0.987,-2.73,0.36,24.24,0.367,1.81,6.65
55.0,dca,pct,3.0,True,1.0,"(1.5, 3.0, 5.0)","(25, 25, 50)",66,83.3,0.987,-2.73,0.36,24.24,0.367,1.81,6.65
55.0,dca,pct,3.0,False,1.0,"(1.5, 2.5, 3.0)","(25, 25, 50)",66,83.3,0.981,-2.73,0.36,23.92,0.362,1.8,6.65
55.0,dca,pct,3.0,True,1.0,"(1.5, 2.5, 3.0)","(25, 25, 50)",66,83.3,0.981,-2.73,0.36,23.92,0.362,1.8,6.65
55.0,pyramid,pct,5.0,False,1.0,"(1.5, 2.5, 3.0)","(40, 35, 25)",44,90.9,0.697,-2.993,0.23,15.92,0.362,2.33,4.72
55.0,pyramid,pct,5.0,False,1.0,"(1.5, 3.0, 5.0)","(25, 25, 50)",44,90.9,0.696,-2.993,0.23,15.87,0.361,2.33,4.72
55.0,pyramid,pct,5.0,False,1.0,"(1.5, 3.0, 5.0)","(40, 35, 25)",44,90.9,0.695,-2.993,0.23,15.82,0.359,2.32,4.72
55.0,pyramid,pct,5.0,True,1.0,"(1.5, 2.5, 3.0)","(40, 35, 25)",44,90.9,0.694,-2.993,0.23,15.77,0.358,2.32,4.72
55.0,pyramid,pct,5.0,True,1.0,"(1.5, 3.0, 5.0)","(25, 25, 50)",44,90.9,0.691,-2.993,0.23,15.69,0.357,2.31,4.72
55.0,pyramid,pct,5.0,True,1.0,"(1.5, 3.0, 5.0)","(40, 35, 25)",44,90.9,0.691,-2.993,0.23,15.67,0.356,2.31,4.72
55.0,dca,pct,3.0,False,1.0,"(1.5, 3.0, 5.0)","(40, 35, 25)",66,83.3,0.971,-2.73,0.36,23.37,0.354,1.78,6.59
55.0,dca,pct,3.0,True,1.0,"(1.5, 3.0, 5.0)","(40, 35, 25)",66,83.3,0.971,-2.73,0.36,23.37,0.354,1.78,6.59
55.0,pyramid,pct,5.0,False,0.4,"(1.5, 2.5, 3.0)","(25, 25, 50)",45,91.1,0.679,-2.993,0.23,15.89,0.353,2.33,4.72
55.0,pyramid,pct,5.0,True,0.4,"(1.5, 2.5, 3.0)","(25, 25, 50)",45,91.1,0.679,-2.993,0.23,15.89,0.353,2.33,4.72
55.0,full,pct,3.0,False,1.5,"(1.5, 3.0, 5.0)","(25, 25, 50)",64,82.8,1.064,-3.08,0.35,22.53,0.352,1.67,8.62
55.0,pyramid,pct,5.0,False,0.4,"(1.5, 3.0, 5.0)","(25, 25, 50)",45,91.1,0.677,-2.993,0.23,15.79,0.351,2.32,4.72
55.0,pyramid,pct,5.0,True,0.4,"(1.5, 3.0, 5.0)","(25, 25, 50)",45,91.1,0.677,-2.993,0.23,15.79,0.351,2.32,4.72
55.0,pyramid,pct,5.0,False,0.4,"(1.5, 2.5, 3.0)","(40, 35, 25)",45,91.1,0.676,-2.993,0.23,15.74,0.35,2.31,4.72
55.0,pyramid,pct,5.0,True,0.4,"(1.5, 2.5, 3.0)","(40, 35, 25)",45,91.1,0.676,-2.993,0.23,15.74,0.35,2.31,4.72
55.0,pyramid,pct,5.0,False,0.4,"(1.5, 3.0, 5.0)","(40, 35, 25)",45,91.1,0.673,-2.993,0.22,15.63,0.347,2.31,4.72
55.0,pyramid,pct,5.0,True,0.4,"(1.5, 3.0, 5.0)","(40, 35, 25)",45,91.1,0.673,-2.993,0.22,15.63,0.347,2.31,4.72
55.0,dca,pct,3.0,False,1.0,"(1.5, 2.5, 3.0)","(40, 35, 25)",66,83.3,0.961,-2.73,0.35,22.83,0.346,1.76,6.59
55.0,dca,pct,3.0,True,1.0,"(1.5, 2.5, 3.0)","(40, 35, 25)",66,83.3,0.961,-2.73,0.35,22.83,0.346,1.76,6.59
50.0,full,pct,3.0,False,1.0,"(1.5, 2.5, 3.0)","(25, 25, 50)",81,81.5,1.121,-3.08,0.36,27.76,0.343,1.6,9.21
50.0,full,pct,3.0,True,1.0,"(1.5, 2.5, 3.0)","(25, 25, 50)",81,81.5,1.121,-3.08,0.36,27.76,0.343,1.6,9.21
55.0,full,pct,3.0,True,1.5,"(1.5, 3.0, 5.0)","(25, 25, 50)",64,82.8,1.053,-3.08,0.34,21.95,0.343,1.65,8.62
50.0,full,pct,3.0,False,1.0,"(1.5, 3.0, 5.0)","(25, 25, 50)",81,81.5,1.117,-3.08,0.36,27.51,0.34,1.6,9.51
50.0,full,pct,3.0,True,1.0,"(1.5, 3.0, 5.0)","(25, 25, 50)",81,81.5,1.117,-3.08,0.36,27.51,0.34,1.6,9.51
55.0,full,pct,3.0,False,1.5,"(1.5, 3.0, 5.0)","(40, 35, 25)",64,82.8,1.047,-3.08,0.34,21.6,0.337,1.64,8.44
55.0,full,pct,3.0,False,1.5,"(1.5, 2.5, 3.0)","(25, 25, 50)",64,82.8,1.045,-3.08,0.34,21.5,0.336,1.63,8.34
55.0,dca,pct,3.0,False,0.4,"(1.5, 3.0, 5.0)","(25, 25, 50)",68,83.8,0.922,-2.73,0.34,22.55,0.332,1.75,6.47
55.0,dca,pct,3.0,True,0.4,"(1.5, 3.0, 5.0)","(25, 25, 50)",68,83.8,0.922,-2.73,0.34,22.55,0.332,1.75,6.47
50.0,full,pct,3.0,False,1.0,"(1.5, 3.0, 5.0)","(40, 35, 25)",81,81.5,1.106,-3.08,0.36,26.82,0.331,1.58,9.51
50.0,full,pct,3.0,True,1.0,"(1.5, 3.0, 5.0)","(40, 35, 25)",81,81.5,1.106,-3.08,0.36,26.82,0.331,1.58,9.51
55.0,full,pct,3.0,True,1.5,"(1.5, 3.0, 5.0)","(40, 35, 25)",64,82.8,1.038,-3.08,0.34,21.13,0.33,1.62,8.44
55.0,dca,pct,3.0,False,0.4,"(1.5, 2.5, 3.0)","(25, 25, 50)",68,83.8,0.918,-2.73,0.34,22.3,0.328,1.74,6.47
55.0,dca,pct,3.0,True,0.4,"(1.5, 2.5, 3.0)","(25, 25, 50)",68,83.8,0.918,-2.73,0.34,22.3,0.328,1.74,6.47
55.0,full,pct,3.0,False,1.5,"(1.5, 2.5, 3.0)","(40, 35, 25)",64,82.8,1.035,-3.08,0.34,20.96,0.327,1.62,8.41
55.0,full,pct,3.0,True,1.5,"(1.5, 2.5, 3.0)","(25, 25, 50)",64,82.8,1.034,-3.08,0.34,20.91,0.327,1.62,8.34
55.0,pyramid,pct,3.0,False,1.0,"(1.5, 3.0, 5.0)","(25, 25, 50)",66,83.3,0.766,-1.866,0.41,21.59,0.327,2.05,3.76
50.0,full,pct,3.0,False,1.0,"(1.5, 2.5, 3.0)","(40, 35, 25)",81,81.5,1.1,-3.08,0.36,26.42,0.326,1.57,9.36
50.0,full,pct,3.0,True,1.0,"(1.5, 2.5, 3.0)","(40, 35, 25)",81,81.5,1.1,-3.08,0.36,26.42,0.326,1.57,9.36
55.0,dca,pct,3.0,False,0.4,"(1.5, 3.0, 5.0)","(40, 35, 25)",68,83.8,0.916,-2.73,0.34,22.18,0.326,1.74,6.39
55.0,dca,pct,3.0,True,0.4,"(1.5, 3.0, 5.0)","(40, 35, 25)",68,83.8,0.916,-2.73,0.34,22.18,0.326,1.74,6.39
55.0,pyramid,pct,3.0,False,1.0,"(1.5, 2.5, 3.0)","(25, 25, 50)",66,83.3,0.763,-1.866,0.41,21.42,0.325,2.04,3.76
55.0,dca,pct,3.0,False,0.4,"(1.5, 2.5, 3.0)","(40, 35, 25)",68,83.8,0.914,-2.73,0.33,22.04,0.324,1.73,6.39
55.0,dca,pct,3.0,True,0.4,"(1.5, 2.5, 3.0)","(40, 35, 25)",68,83.8,0.914,-2.73,0.33,22.04,0.324,1.73,6.39
55.0,pyramid,pct,3.0,True,1.0,"(1.5, 3.0, 5.0)","(25, 25, 50)",66,83.3,0.762,-1.866,0.41,21.41,0.324,2.04,3.76
55.0,pyramid,pct,3.0,True,1.0,"(1.5, 2.5, 3.0)","(25, 25, 50)",66,83.3,0.759,-1.866,0.41,21.24,0.322,2.03,3.76
50.0,full,pct,5.0,False,0.4,"(1.5, 2.5, 3.0)","(25, 25, 50)",55,89.1,0.982,-5.08,0.19,17.66,0.321,1.58,14.45
50.0,full,pct,5.0,False,0.4,"(1.5, 3.0, 5.0)","(25, 25, 50)",55,89.1,0.982,-5.08,0.19,17.63,0.321,1.58,14.45
50.0,full,pct,5.0,True,0.4,"(1.5, 2.5, 3.0)","(25, 25, 50)",55,89.1,0.982,-5.08,0.19,17.66,0.321,1.58,14.45
50.0,full,pct,5.0,True,0.4,"(1.5, 3.0, 5.0)","(25, 25, 50)",55,89.1,0.982,-5.08,0.19,17.63,0.321,1.58,14.45
50.0,full,pct,5.0,False,0.4,"(1.5, 2.5, 3.0)","(40, 35, 25)",55,89.1,0.981,-5.08,0.19,17.6,0.32,1.58,14.45
50.0,full,pct,5.0,False,0.4,"(1.5, 3.0, 5.0)","(40, 35, 25)",55,89.1,0.981,-5.08,0.19,17.58,0.32,1.58,14.45
50.0,full,pct,5.0,True,0.4,"(1.5, 2.5, 3.0)","(40, 35, 25)",55,89.1,0.981,-5.08,0.19,17.6,0.32,1.58,14.45
50.0,full,pct,5.0,True,0.4,"(1.5, 3.0, 5.0)","(40, 35, 25)",55,89.1,0.981,-5.08,0.19,17.58,0.32,1.58,14.45
55.0,full,pct,3.0,True,1.5,"(1.5, 2.5, 3.0)","(40, 35, 25)",64,82.8,1.026,-3.08,0.33,20.49,0.32,1.6,8.41
55.0,pyramid,pct,3.0,False,1.0,"(1.5, 3.0, 5.0)","(40, 35, 25)",66,83.3,0.752,-1.866,0.4,20.86,0.316,2.02,3.66
55.0,pyramid,pct,3.0,True,1.0,"(1.5, 3.0, 5.0)","(40, 35, 25)",66,83.3,0.75,-1.866,0.4,20.71,0.314,2.01,3.66
55.0,pyramid,pct,3.0,False,1.0,"(1.5, 2.5, 3.0)","(40, 35, 25)",66,83.3,0.741,-1.866,0.4,20.24,0.307,1.99,3.66
55.0,pyramid,pct,3.0,True,1.0,"(1.5, 2.5, 3.0)","(40, 35, 25)",66,83.3,0.739,-1.866,0.4,20.1,0.305,1.98,3.66
50.0,dca,pct,5.0,False,0.4,"(1.5, 2.5, 3.0)","(25, 25, 50)",55,89.1,0.92,-4.73,0.19,16.71,0.304,1.59,13.05
50.0,dca,pct,5.0,True,0.4,"(1.5, 2.5, 3.0)","(25, 25, 50)",55,89.1,0.92,-4.73,0.19,16.71,0.304,1.59,13.05
50.0,dca,pct,5.0,False,0.4,"(1.5, 2.5, 3.0)","(40, 35, 25)",55,89.1,0.919,-4.73,0.19,16.66,0.303,1.59,13.05
50.0,dca,pct,5.0,False,0.4,"(1.5, 3.0, 5.0)","(25, 25, 50)",55,89.1,0.92,-4.73,0.19,16.68,0.303,1.59,13.05
50.0,dca,pct,5.0,True,0.4,"(1.5, 2.5, 3.0)","(40, 35, 25)",55,89.1,0.919,-4.73,0.19,16.66,0.303,1.59,13.05
50.0,dca,pct,5.0,True,0.4,"(1.5, 3.0, 5.0)","(25, 25, 50)",55,89.1,0.92,-4.73,0.19,16.68,0.303,1.59,13.05
50.0,dca,pct,5.0,False,0.4,"(1.5, 3.0, 5.0)","(40, 35, 25)",55,89.1,0.919,-4.73,0.19,16.64,0.302,1.59,13.05
50.0,dca,pct,5.0,True,0.4,"(1.5, 3.0, 5.0)","(40, 35, 25)",55,89.1,0.919,-4.73,0.19,16.64,0.302,1.59,13.05
55.0,dca,pct,3.0,False,1.5,"(1.5, 3.0, 5.0)","(25, 25, 50)",64,82.8,0.93,-2.73,0.34,19.26,0.301,1.64,6.84
55.0,pyramid,pct,3.0,False,0.4,"(1.5, 3.0, 5.0)","(25, 25, 50)",68,83.8,0.717,-1.866,0.38,20.36,0.299,1.99,3.27
55.0,pyramid,pct,3.0,True,0.4,"(1.5, 3.0, 5.0)","(25, 25, 50)",68,83.8,0.717,-1.866,0.38,20.36,0.299,1.99,3.27
55.0,pyramid,pct,3.0,False,0.4,"(1.5, 2.5, 3.0)","(25, 25, 50)",68,83.8,0.713,-1.866,0.38,20.11,0.296,1.98,3.27
55.0,pyramid,pct,3.0,True,0.4,"(1.5, 2.5, 3.0)","(25, 25, 50)",68,83.8,0.713,-1.866,0.38,20.11,0.296,1.98,3.27
55.0,dca,pct,3.0,True,1.5,"(1.5, 3.0, 5.0)","(25, 25, 50)",64,82.8,0.922,-2.73,0.34,18.85,0.295,1.63,6.84
55.0,pyramid,pct,3.0,False,0.4,"(1.5, 3.0, 5.0)","(40, 35, 25)",68,83.8,0.711,-1.866,0.38,19.97,0.294,1.97,3.21
55.0,pyramid,pct,3.0,True,0.4,"(1.5, 3.0, 5.0)","(40, 35, 25)",68,83.8,0.711,-1.866,0.38,19.97,0.294,1.97,3.21
55.0,pyramid,pct,3.0,False,0.4,"(1.5, 2.5, 3.0)","(40, 35, 25)",68,83.8,0.708,-1.866,0.38,19.83,0.292,1.97,3.21
55.0,pyramid,pct,3.0,True,0.4,"(1.5, 2.5, 3.0)","(40, 35, 25)",68,83.8,0.708,-1.866,0.38,19.83,0.292,1.97,3.21
55.0,pyramid,pct,5.0,True,1.5,"(1.5, 3.0, 5.0)","(40, 35, 25)",43,90.7,0.627,-2.993,0.21,12.5,0.291,2.04,4.72
55.0,pyramid,pct,5.0,True,1.5,"(1.5, 2.5, 3.0)","(25, 25, 50)",43,90.7,0.627,-2.993,0.21,12.48,0.29,2.04,4.72
55.0,pyramid,pct,5.0,True,1.5,"(1.5, 3.0, 5.0)","(25, 25, 50)",43,90.7,0.627,-2.993,0.21,12.48,0.29,2.04,4.72
50.0,full,pct,5.0,False,1.0,"(1.5, 2.5, 3.0)","(25, 25, 50)",51,88.2,1.004,-5.08,0.2,14.68,0.288,1.48,14.45
50.0,full,pct,5.0,True,1.0,"(1.5, 2.5, 3.0)","(25, 25, 50)",51,88.2,1.004,-5.08,0.2,14.68,0.288,1.48,14.45
50.0,full,pct,5.0,False,1.0,"(1.5, 3.0, 5.0)","(40, 35, 25)",51,88.2,1.002,-5.08,0.2,14.63,0.287,1.48,14.45
50.0,full,pct,5.0,True,1.0,"(1.5, 3.0, 5.0)","(40, 35, 25)",51,88.2,1.002,-5.08,0.2,14.63,0.287,1.48,14.45
55.0,pyramid,pct,5.0,False,1.5,"(1.5, 3.0, 5.0)","(40, 35, 25)",43,90.7,0.623,-2.993,0.21,12.33,0.287,2.03,4.72
55.0,pyramid,pct,5.0,False,1.5,"(1.5, 2.5, 3.0)","(25, 25, 50)",43,86.0,0.658,-2.01,0.33,12.27,0.285,2.02,4.72
55.0,pyramid,pct,5.0,False,1.5,"(1.5, 3.0, 5.0)","(25, 25, 50)",43,86.0,0.658,-2.01,0.33,12.27,0.285,2.02,4.72
55.0,pyramid,pct,5.0,True,1.5,"(1.5, 2.5, 3.0)","(40, 35, 25)",43,90.7,0.621,-2.993,0.21,12.24,0.285,2.02,4.72
50.0,full,pct,5.0,False,1.0,"(1.5, 2.5, 3.0)","(40, 35, 25)",51,88.2,0.999,-5.08,0.2,14.49,0.284,1.48,14.45
50.0,full,pct,5.0,True,1.0,"(1.5, 2.5, 3.0)","(40, 35, 25)",51,88.2,0.999,-5.08,0.2,14.49,0.284,1.48,14.45
50.0,pyramid,pct,3.0,False,0.4,"(1.5, 3.0, 5.0)","(25, 25, 50)",91,83.5,0.706,-1.86,0.38,25.74,0.283,1.92,5.9
50.0,pyramid,pct,3.0,False,1.0,"(1.5, 2.5, 3.0)","(25, 25, 50)",81,81.5,0.771,-1.86,0.41,22.96,0.283,1.82,5.35
50.0,pyramid,pct,3.0,True,0.4,"(1.5, 3.0, 5.0)","(25, 25, 50)",91,83.5,0.706,-1.86,0.38,25.74,0.283,1.92,5.9
55.0,dca,pct,3.0,False,1.5,"(1.5, 2.5, 3.0)","(25, 25, 50)",64,82.8,0.909,-2.73,0.33,18.14,0.283,1.6,6.84
55.0,dca,pct,3.0,False,1.5,"(1.5, 3.0, 5.0)","(40, 35, 25)",64,82.8,0.908,-2.73,0.33,18.08,0.283,1.6,6.74
50.0,full,pct,5.0,False,1.0,"(1.5, 3.0, 5.0)","(25, 25, 50)",51,88.2,0.996,-5.08,0.2,14.33,0.281,1.47,14.45
50.0,full,pct,5.0,True,1.0,"(1.5, 3.0, 5.0)","(25, 25, 50)",51,88.2,0.996,-5.08,0.2,14.33,0.281,1.47,14.45
55.0,pyramid,pct,5.0,False,1.5,"(1.5, 2.5, 3.0)","(40, 35, 25)",43,90.7,0.616,-2.993,0.21,12.07,0.281,2.01,4.72
50.0,pyramid,pct,3.0,False,0.4,"(1.5, 2.5, 3.0)","(25, 25, 50)",91,83.5,0.702,-1.86,0.38,25.48,0.28,1.91,5.9
50.0,pyramid,pct,3.0,False,1.0,"(1.5, 3.0, 5.0)","(25, 25, 50)",81,81.5,0.767,-1.86,0.41,22.71,0.28,1.81,5.35
50.0,pyramid,pct,3.0,True,0.4,"(1.5, 2.5, 3.0)","(25, 25, 50)",91,83.5,0.702,-1.86,0.38,25.48,0.28,1.91,5.9
50.0,pyramid,pct,3.0,True,1.0,"(1.5, 2.5, 3.0)","(25, 25, 50)",81,81.5,0.766,-1.86,0.41,22.65,0.28,1.81,5.35
50.0,pyramid,pct,3.0,False,0.4,"(1.5, 3.0, 5.0)","(40, 35, 25)",91,83.5,0.7,-1.86,0.38,25.31,0.278,1.91,5.84
50.0,pyramid,pct,3.0,True,0.4,"(1.5, 3.0, 5.0)","(40, 35, 25)",91,83.5,0.7,-1.86,0.38,25.31,0.278,1.91,5.84
55.0,dca,pct,3.0,True,1.5,"(1.5, 2.5, 3.0)","(25, 25, 50)",64,82.8,0.901,-2.73,0.33,17.73,0.277,1.59,6.84
55.0,dca,pct,3.0,True,1.5,"(1.5, 3.0, 5.0)","(40, 35, 25)",64,82.8,0.902,-2.73,0.33,17.76,0.277,1.59,6.74
50.0,pyramid,pct,3.0,False,0.4,"(1.5, 2.5, 3.0)","(40, 35, 25)",91,83.5,0.698,-1.86,0.38,25.16,0.276,1.9,5.84
50.0,pyramid,pct,3.0,True,0.4,"(1.5, 2.5, 3.0)","(40, 35, 25)",91,83.5,0.698,-1.86,0.38,25.16,0.276,1.9,5.84
50.0,pyramid,pct,3.0,True,1.0,"(1.5, 3.0, 5.0)","(25, 25, 50)",81,81.5,0.762,-1.86,0.41,22.39,0.276,1.8,5.35
50.0,pyramid,pct,3.0,False,1.0,"(1.5, 3.0, 5.0)","(40, 35, 25)",81,81.5,0.756,-1.86,0.41,22.02,0.272,1.79,5.35
55.0,dca,pct,3.0,False,1.5,"(1.5, 2.5, 3.0)","(40, 35, 25)",64,82.8,0.895,-2.73,0.33,17.41,0.272,1.58,6.74
55.0,pyramid,pct,3.0,False,1.5,"(1.5, 3.0, 5.0)","(25, 25, 50)",64,81.2,0.729,-1.715,0.43,17.33,0.271,1.84,4.14
50.0,dca,pct,5.0,False,1.0,"(1.5, 2.5, 3.0)","(25, 25, 50)",51,88.2,0.937,-4.73,0.2,13.79,0.27,1.49,13.05
50.0,dca,pct,5.0,False,1.0,"(1.5, 3.0, 5.0)","(40, 35, 25)",51,88.2,0.937,-4.73,0.2,13.77,0.27,1.49,13.05
50.0,dca,pct,5.0,True,1.0,"(1.5, 2.5, 3.0)","(25, 25, 50)",51,88.2,0.937,-4.73,0.2,13.79,0.27,1.49,13.05
50.0,dca,pct,5.0,True,1.0,"(1.5, 3.0, 5.0)","(40, 35, 25)",51,88.2,0.937,-4.73,0.2,13.77,0.27,1.49,13.05
50.0,pyramid,pct,3.0,True,1.0,"(1.5, 3.0, 5.0)","(40, 35, 25)",81,81.5,0.753,-1.86,0.4,21.77,0.269,1.78,5.35
50.0,dca,pct,5.0,False,1.0,"(1.5, 2.5, 3.0)","(40, 35, 25)",51,88.2,0.935,-4.73,0.2,13.68,0.268,1.48,13.05
50.0,dca,pct,5.0,True,1.0,"(1.5, 2.5, 3.0)","(40, 35, 25)",51,88.2,0.935,-4.73,0.2,13.68,0.268,1.48,13.05
50.0,dca,pct,3.0,False,0.4,"(1.5, 3.0, 5.0)","(25, 25, 50)",91,83.5,0.858,-2.73,0.31,24.28,0.267,1.59,7.68
50.0,dca,pct,3.0,False,1.0,"(1.5, 3.0, 5.0)","(25, 25, 50)",81,81.5,0.948,-2.73,0.35,21.61,0.267,1.53,8.65
50.0,dca,pct,3.0,True,0.4,"(1.5, 3.0, 5.0)","(25, 25, 50)",91,83.5,0.858,-2.73,0.31,24.28,0.267,1.59,7.68
50.0,dca,pct,3.0,True,1.0,"(1.5, 3.0, 5.0)","(25, 25, 50)",81,81.5,0.948,-2.73,0.35,21.61,0.267,1.53,8.65
50.0,pyramid,pct,3.0,False,1.0,"(1.5, 2.5, 3.0)","(40, 35, 25)",81,81.5,0.75,-1.86,0.4,21.62,0.267,1.77,5.35
55.0,dca,pct,3.0,True,1.5,"(1.5, 2.5, 3.0)","(40, 35, 25)",64,82.8,0.889,-2.73,0.33,17.08,0.267,1.57,6.74
50.0,dca,pct,3.0,False,1.0,"(1.5, 2.5, 3.0)","(25, 25, 50)",81,81.5,0.948,-2.73,0.35,21.58,0.266,1.53,8.57
50.0,dca,pct,3.0,True,1.0,"(1.5, 2.5, 3.0)","(25, 25, 50)",81,81.5,0.948,-2.73,0.35,21.58,0.266,1.53,8.57
50.0,dca,pct,5.0,False,1.0,"(1.5, 3.0, 5.0)","(25, 25, 50)",51,88.2,0.933,-4.73,0.2,13.59,0.266,1.48,13.05
50.0,dca,pct,5.0,True,1.0,"(1.5, 3.0, 5.0)","(25, 25, 50)",51,88.2,0.933,-4.73,0.2,13.59,0.266,1.48,13.05
50.0,dca,pct,3.0,False,0.4,"(1.5, 2.5, 3.0)","(25, 25, 50)",91,83.5,0.855,-2.73,0.31,24.03,0.264,1.59,7.68
50.0,dca,pct,3.0,True,0.4,"(1.5, 2.5, 3.0)","(25, 25, 50)",91,83.5,0.855,-2.73,0.31,24.03,0.264,1.59,7.68
50.0,pyramid,pct,3.0,True,1.0,"(1.5, 2.5, 3.0)","(40, 35, 25)",81,81.5,0.746,-1.86,0.4,21.37,0.264,1.77,5.35
50.0,dca,pct,3.0,False,0.4,"(1.5, 3.0, 5.0)","(40, 35, 25)",91,83.5,0.854,-2.73,0.31,23.92,0.263,1.58,7.63
50.0,dca,pct,3.0,True,0.4,"(1.5, 3.0, 5.0)","(40, 35, 25)",91,83.5,0.854,-2.73,0.31,23.92,0.263,1.58,7.63
50.0,dca,pct,3.0,False,0.4,"(1.5, 2.5, 3.0)","(40, 35, 25)",91,83.5,0.852,-2.73,0.31,23.77,0.261,1.58,7.62
50.0,dca,pct,3.0,True,0.4,"(1.5, 2.5, 3.0)","(40, 35, 25)",91,83.5,0.852,-2.73,0.31,23.77,0.261,1.58,7.62
55.0,pyramid,pct,3.0,True,1.5,"(1.5, 3.0, 5.0)","(25, 25, 50)",64,82.8,0.699,-1.866,0.37,16.5,0.258,1.8,4.1
50.0,dca,pct,3.0,False,1.0,"(1.5, 3.0, 5.0)","(40, 35, 25)",81,81.5,0.935,-2.73,0.34,20.79,0.257,1.51,8.61
50.0,dca,pct,3.0,True,1.0,"(1.5, 3.0, 5.0)","(40, 35, 25)",81,81.5,0.935,-2.73,0.34,20.79,0.257,1.51,8.61
55.0,pyramid,pct,3.0,False,1.5,"(1.5, 3.0, 5.0)","(40, 35, 25)",64,82.8,0.697,-1.866,0.37,16.4,0.256,1.8,3.96
55.0,pyramid,pct,3.0,False,1.5,"(1.5, 2.5, 3.0)","(25, 25, 50)",64,81.2,0.709,-1.715,0.41,16.3,0.255,1.79,4.14
50.0,dca,pct,3.0,False,1.0,"(1.5, 2.5, 3.0)","(40, 35, 25)",81,81.5,0.929,-2.73,0.34,20.33,0.251,1.5,8.52
50.0,dca,pct,3.0,True,1.0,"(1.5, 2.5, 3.0)","(40, 35, 25)",81,81.5,0.929,-2.73,0.34,20.33,0.251,1.5,8.52
50.0,full,pct,3.0,False,1.5,"(1.5, 3.0, 5.0)","(25, 25, 50)",78,80.8,1.043,-3.08,0.34,19.52,0.25,1.42,10.54
55.0,pyramid,pct,3.0,False,1.5,"(1.5, 2.5, 3.0)","(40, 35, 25)",64,82.8,0.685,-1.866,0.37,15.76,0.246,1.77,3.96
55.0,pyramid,pct,3.0,True,1.5,"(1.5, 3.0, 5.0)","(40, 35, 25)",64,82.8,0.684,-1.866,0.37,15.73,0.246,1.77,3.92
50.0,full,pct,3.0,True,1.5,"(1.5, 3.0, 5.0)","(25, 25, 50)",78,80.8,1.035,-3.08,0.34,18.98,0.243,1.41,10.54
50.0,full,pct,3.0,False,1.5,"(1.5, 2.5, 3.0)","(25, 25, 50)",78,80.8,1.033,-3.08,0.34,18.9,0.242,1.41,10.01
50.0,full,pct,3.0,False,1.5,"(1.5, 3.0, 5.0)","(40, 35, 25)",78,80.8,1.031,-3.08,0.33,18.78,0.241,1.41,10.31
55.0,pyramid,pct,3.0,True,1.5,"(1.5, 2.5, 3.0)","(25, 25, 50)",64,82.8,0.675,-1.866,0.36,15.24,0.238,1.74,4.1
50.0,full,pct,3.0,True,1.5,"(1.5, 2.5, 3.0)","(25, 25, 50)",78,80.8,1.025,-3.08,0.33,18.37,0.235,1.4,10.01
50.0,full,pct,3.0,True,1.5,"(1.5, 3.0, 5.0)","(40, 35, 25)",78,80.8,1.025,-3.08,0.33,18.35,0.235,1.4,10.31
50.0,full,pct,3.0,False,1.5,"(1.5, 2.5, 3.0)","(40, 35, 25)",78,80.8,1.02,-3.08,0.33,18.06,0.232,1.39,10.0
55.0,pyramid,pct,3.0,True,1.5,"(1.5, 2.5, 3.0)","(40, 35, 25)",64,82.8,0.667,-1.866,0.36,14.85,0.232,1.72,3.92
50.0,full,pct,3.0,True,1.5,"(1.5, 2.5, 3.0)","(40, 35, 25)",78,80.8,1.013,-3.08,0.33,17.63,0.226,1.38,10.0
50.0,full,pct,5.0,False,1.5,"(1.5, 3.0, 5.0)","(40, 35, 25)",48,87.5,0.967,-5.08,0.19,10.15,0.212,1.33,14.45
50.0,full,pct,5.0,False,1.5,"(1.5, 2.5, 3.0)","(40, 35, 25)",48,87.5,0.963,-5.08,0.19,9.98,0.208,1.33,14.45
50.0,full,pct,5.0,True,1.5,"(1.5, 3.0, 5.0)","(40, 35, 25)",48,87.5,0.964,-5.08,0.19,10.0,0.208,1.33,14.45
50.0,full,pct,5.0,False,1.5,"(1.5, 3.0, 5.0)","(25, 25, 50)",48,87.5,0.963,-5.08,0.19,9.95,0.207,1.33,14.45
50.0,full,pct,5.0,True,1.5,"(1.5, 2.5, 3.0)","(40, 35, 25)",48,87.5,0.96,-5.08,0.19,9.84,0.205,1.32,14.45
50.0,full,pct,5.0,False,1.5,"(1.5, 2.5, 3.0)","(25, 25, 50)",48,87.5,0.958,-5.08,0.19,9.75,0.203,1.32,14.45
50.0,full,pct,5.0,True,1.5,"(1.5, 3.0, 5.0)","(25, 25, 50)",48,87.5,0.958,-5.08,0.19,9.76,0.203,1.32,14.45
50.0,pyramid,pct,3.0,False,1.5,"(1.5, 3.0, 5.0)","(25, 25, 50)",78,78.2,0.717,-1.645,0.44,15.77,0.202,1.56,5.97
50.0,full,pct,5.0,True,1.5,"(1.5, 2.5, 3.0)","(25, 25, 50)",48,87.5,0.953,-5.08,0.19,9.56,0.199,1.31,14.45
50.0,pyramid,pct,3.0,True,1.5,"(1.5, 3.0, 5.0)","(25, 25, 50)",80,80.0,0.683,-1.745,0.39,15.79,0.197,1.57,5.93
50.0,pyramid,pct,3.0,False,1.5,"(1.5, 2.5, 3.0)","(25, 25, 50)",78,78.2,0.707,-1.645,0.43,15.16,0.194,1.54,5.72
50.0,pyramid,pct,3.0,True,1.5,"(1.5, 3.0, 5.0)","(40, 35, 25)",80,81.2,0.668,-1.86,0.36,15.52,0.194,1.56,5.69
50.0,pyramid,pct,3.0,False,1.5,"(1.5, 3.0, 5.0)","(40, 35, 25)",78,80.8,0.681,-1.86,0.37,15.03,0.193,1.54,5.72
50.0,pyramid,pct,5.0,False,0.4,"(1.5, 2.5, 3.0)","(25, 25, 50)",55,89.1,0.632,-3.405,0.19,10.56,0.192,1.52,10.6
50.0,pyramid,pct,5.0,True,0.4,"(1.5, 2.5, 3.0)","(25, 25, 50)",55,89.1,0.632,-3.405,0.19,10.56,0.192,1.52,10.6
50.0,pyramid,pct,5.0,False,0.4,"(1.5, 2.5, 3.0)","(40, 35, 25)",55,89.1,0.631,-3.405,0.19,10.5,0.191,1.51,10.6
50.0,pyramid,pct,5.0,False,0.4,"(1.5, 3.0, 5.0)","(25, 25, 50)",55,89.1,0.632,-3.405,0.19,10.53,0.191,1.52,10.6
50.0,pyramid,pct,5.0,True,0.4,"(1.5, 2.5, 3.0)","(40, 35, 25)",55,89.1,0.631,-3.405,0.19,10.5,0.191,1.51,10.6
50.0,pyramid,pct,5.0,True,0.4,"(1.5, 3.0, 5.0)","(25, 25, 50)",55,89.1,0.632,-3.405,0.19,10.53,0.191,1.52,10.6
50.0,pyramid,pct,3.0,True,1.5,"(1.5, 2.5, 3.0)","(25, 25, 50)",80,80.0,0.673,-1.745,0.39,15.17,0.19,1.54,5.68
50.0,pyramid,pct,5.0,False,0.4,"(1.5, 3.0, 5.0)","(40, 35, 25)",55,89.1,0.631,-3.405,0.19,10.48,0.19,1.51,10.6
50.0,pyramid,pct,5.0,True,0.4,"(1.5, 3.0, 5.0)","(40, 35, 25)",55,89.1,0.631,-3.405,0.19,10.48,0.19,1.51,10.6
50.0,dca,pct,5.0,False,1.5,"(1.5, 2.5, 3.0)","(40, 35, 25)",48,87.5,0.892,-4.73,0.19,9.08,0.189,1.32,13.05
50.0,dca,pct,5.0,False,1.5,"(1.5, 3.0, 5.0)","(40, 35, 25)",48,87.5,0.892,-4.73,0.19,9.06,0.189,1.32,13.05
50.0,dca,pct,5.0,True,1.5,"(1.5, 2.5, 3.0)","(40, 35, 25)",48,87.5,0.891,-4.73,0.19,9.03,0.188,1.32,13.05
50.0,dca,pct,5.0,True,1.5,"(1.5, 3.0, 5.0)","(40, 35, 25)",48,87.5,0.89,-4.73,0.19,9.02,0.188,1.32,13.05
50.0,dca,pct,5.0,False,1.5,"(1.5, 2.5, 3.0)","(25, 25, 50)",48,87.5,0.887,-4.73,0.19,8.86,0.185,1.31,13.05
50.0,dca,pct,5.0,False,1.5,"(1.5, 3.0, 5.0)","(25, 25, 50)",48,87.5,0.888,-4.73,0.19,8.9,0.185,1.31,13.05
50.0,dca,pct,5.0,True,1.5,"(1.5, 3.0, 5.0)","(25, 25, 50)",48,87.5,0.886,-4.73,0.19,8.84,0.184,1.31,13.05
50.0,pyramid,pct,3.0,False,1.5,"(1.5, 2.5, 3.0)","(40, 35, 25)",78,80.8,0.67,-1.86,0.36,14.31,0.184,1.51,5.44
50.0,dca,pct,5.0,True,1.5,"(1.5, 2.5, 3.0)","(25, 25, 50)",48,87.5,0.885,-4.73,0.19,8.8,0.183,1.31,13.05
50.0,pyramid,pct,3.0,True,1.5,"(1.5, 2.5, 3.0)","(40, 35, 25)",80,81.2,0.654,-1.86,0.35,14.63,0.183,1.52,5.41
50.0,pyramid,pct,5.0,False,1.0,"(1.5, 2.5, 3.0)","(25, 25, 50)",51,88.2,0.654,-3.405,0.19,8.98,0.176,1.44,10.6
50.0,pyramid,pct,5.0,False,1.0,"(1.5, 3.0, 5.0)","(40, 35, 25)",51,88.2,0.652,-3.405,0.19,8.93,0.175,1.44,10.6
50.0,dca,pct,3.0,False,1.5,"(1.5, 3.0, 5.0)","(25, 25, 50)",78,80.8,0.865,-2.73,0.32,13.57,0.174,1.33,9.03
50.0,pyramid,pct,5.0,False,1.0,"(1.5, 2.5, 3.0)","(40, 35, 25)",51,88.2,0.649,-3.405,0.19,8.79,0.172,1.43,10.6
50.0,pyramid,pct,5.0,True,1.0,"(1.5, 2.5, 3.0)","(25, 25, 50)",51,88.2,0.647,-3.405,0.19,8.66,0.17,1.42,10.6
50.0,pyramid,pct,5.0,True,1.0,"(1.5, 3.0, 5.0)","(40, 35, 25)",51,88.2,0.647,-3.405,0.19,8.68,0.17,1.42,10.6
50.0,pyramid,pct,5.0,False,1.0,"(1.5, 3.0, 5.0)","(25, 25, 50)",51,88.2,0.646,-3.405,0.19,8.63,0.169,1.42,10.6
50.0,dca,pct,3.0,True,1.5,"(1.5, 3.0, 5.0)","(25, 25, 50)",78,80.8,0.858,-2.73,0.31,13.11,0.168,1.32,9.03
50.0,pyramid,pct,5.0,True,1.0,"(1.5, 2.5, 3.0)","(40, 35, 25)",51,88.2,0.644,-3.405,0.19,8.54,0.167,1.42,10.6
50.0,dca,pct,3.0,False,1.5,"(1.5, 3.0, 5.0)","(40, 35, 25)",78,80.8,0.851,-2.73,0.31,12.69,0.163,1.31,8.91
50.0,pyramid,pct,5.0,True,1.0,"(1.5, 3.0, 5.0)","(25, 25, 50)",51,88.2,0.639,-3.405,0.19,8.32,0.163,1.41,10.6
50.0,dca,pct,3.0,False,1.5,"(1.5, 2.5, 3.0)","(25, 25, 50)",78,80.8,0.851,-2.73,0.31,12.66,0.162,1.31,8.9
50.0,dca,pct,3.0,True,1.5,"(1.5, 3.0, 5.0)","(40, 35, 25)",78,80.8,0.846,-2.73,0.31,12.32,0.158,1.3,8.91
50.0,dca,pct,3.0,True,1.5,"(1.5, 2.5, 3.0)","(25, 25, 50)",78,80.8,0.844,-2.73,0.31,12.2,0.156,1.3,8.9
50.0,dca,pct,3.0,False,1.5,"(1.5, 2.5, 3.0)","(40, 35, 25)",78,80.8,0.839,-2.73,0.31,11.9,0.153,1.29,8.77
50.0,dca,pct,3.0,True,1.5,"(1.5, 2.5, 3.0)","(40, 35, 25)",78,80.8,0.833,-2.73,0.31,11.53,0.148,1.28,8.77
50.0,pyramid,pct,5.0,True,1.5,"(1.5, 3.0, 5.0)","(40, 35, 25)",50,88.0,0.614,-3.405,0.18,6.58,0.132,1.32,10.6
50.0,pyramid,pct,5.0,True,1.5,"(1.5, 2.5, 3.0)","(40, 35, 25)",50,88.0,0.612,-3.405,0.18,6.49,0.13,1.32,10.6
50.0,pyramid,pct,5.0,True,1.5,"(1.5, 2.5, 3.0)","(25, 25, 50)",50,86.0,0.617,-2.921,0.21,6.07,0.121,1.3,10.6
50.0,pyramid,pct,5.0,True,1.5,"(1.5, 3.0, 5.0)","(25, 25, 50)",50,86.0,0.616,-2.921,0.21,6.05,0.121,1.3,10.6
50.0,pyramid,pct,5.0,False,1.5,"(1.5, 3.0, 5.0)","(40, 35, 25)",48,87.5,0.617,-3.405,0.18,5.5,0.115,1.27,10.6
50.0,pyramid,pct,5.0,False,1.5,"(1.5, 2.5, 3.0)","(40, 35, 25)",48,87.5,0.613,-3.405,0.18,5.33,0.111,1.26,10.6
50.0,pyramid,pct,5.0,False,1.5,"(1.5, 3.0, 5.0)","(25, 25, 50)",48,81.2,0.662,-2.282,0.29,5.3,0.11,1.26,10.6
50.0,pyramid,pct,5.0,False,1.5,"(1.5, 2.5, 3.0)","(25, 25, 50)",48,81.2,0.657,-2.282,0.29,5.1,0.106,1.25,10.6
50.0,full,swing,3.0,False,1.5,"(1.5, 2.5, 3.0)","(25, 25, 50)",156,37.2,1.069,-0.593,1.8,3.95,0.025,1.07,7.96
50.0,full,swing,3.0,True,1.5,"(1.5, 2.5, 3.0)","(25, 25, 50)",156,37.2,1.068,-0.593,1.8,3.85,0.025,1.07,7.96
50.0,full,swing,5.0,False,1.5,"(1.5, 2.5, 3.0)","(25, 25, 50)",156,37.2,1.069,-0.593,1.8,3.95,0.025,1.07,7.96
50.0,full,swing,5.0,True,1.5,"(1.5, 2.5, 3.0)","(25, 25, 50)",156,37.2,1.068,-0.593,1.8,3.85,0.025,1.07,7.96
50.0,full,swing,3.0,False,1.5,"(1.5, 3.0, 5.0)","(25, 25, 50)",156,37.2,1.062,-0.593,1.79,3.52,0.023,1.06,7.96
50.0,full,swing,5.0,False,1.5,"(1.5, 3.0, 5.0)","(25, 25, 50)",156,37.2,1.062,-0.593,1.79,3.52,0.023,1.06,7.96
50.0,full,swing,3.0,True,1.5,"(1.5, 3.0, 5.0)","(25, 25, 50)",156,37.2,1.06,-0.593,1.79,3.42,0.022,1.06,7.96
50.0,full,swing,5.0,True,1.5,"(1.5, 3.0, 5.0)","(25, 25, 50)",156,37.2,1.06,-0.593,1.79,3.42,0.022,1.06,7.96
50.0,full,swing,3.0,False,1.5,"(1.5, 3.0, 5.0)","(40, 35, 25)",156,37.2,1.05,-0.593,1.77,2.8,0.018,1.05,7.96
50.0,full,swing,5.0,False,1.5,"(1.5, 3.0, 5.0)","(40, 35, 25)",156,37.2,1.05,-0.593,1.77,2.8,0.018,1.05,7.96
50.0,full,swing,3.0,False,1.5,"(1.5, 2.5, 3.0)","(40, 35, 25)",156,37.2,1.048,-0.593,1.77,2.71,0.017,1.05,7.96
50.0,full,swing,3.0,True,1.5,"(1.5, 2.5, 3.0)","(40, 35, 25)",156,37.2,1.047,-0.593,1.77,2.63,0.017,1.05,7.96
50.0,full,swing,3.0,True,1.5,"(1.5, 3.0, 5.0)","(40, 35, 25)",156,37.2,1.048,-0.593,1.77,2.72,0.017,1.05,7.96
50.0,full,swing,5.0,False,1.5,"(1.5, 2.5, 3.0)","(40, 35, 25)",156,37.2,1.048,-0.593,1.77,2.71,0.017,1.05,7.96
50.0,full,swing,5.0,True,1.5,"(1.5, 2.5, 3.0)","(40, 35, 25)",156,37.2,1.047,-0.593,1.77,2.63,0.017,1.05,7.96
50.0,full,swing,5.0,True,1.5,"(1.5, 3.0, 5.0)","(40, 35, 25)",156,37.2,1.048,-0.593,1.77,2.72,0.017,1.05,7.96
50.0,pyramid,swing,3.0,False,1.5,"(1.5, 2.5, 3.0)","(25, 25, 50)",156,36.5,0.733,-0.4,1.83,2.14,0.014,1.05,5.74
50.0,pyramid,swing,5.0,False,1.5,"(1.5, 2.5, 3.0)","(25, 25, 50)",156,36.5,0.733,-0.4,1.83,2.14,0.014,1.05,5.74
50.0,pyramid,swing,3.0,False,1.5,"(1.5, 3.0, 5.0)","(25, 25, 50)",156,36.5,0.725,-0.4,1.81,1.7,0.011,1.04,5.74
50.0,pyramid,swing,5.0,False,1.5,"(1.5, 3.0, 5.0)","(25, 25, 50)",156,36.5,0.725,-0.4,1.81,1.7,0.011,1.04,5.74
50.0,pyramid,swing,3.0,False,1.5,"(1.5, 2.5, 3.0)","(40, 35, 25)",156,37.2,0.698,-0.404,1.73,0.89,0.006,1.02,5.74
50.0,pyramid,swing,3.0,False,1.5,"(1.5, 3.0, 5.0)","(40, 35, 25)",156,37.2,0.7,-0.404,1.73,0.98,0.006,1.02,5.74
50.0,pyramid,swing,5.0,False,1.5,"(1.5, 2.5, 3.0)","(40, 35, 25)",156,37.2,0.698,-0.404,1.73,0.89,0.006,1.02,5.74
50.0,pyramid,swing,5.0,False,1.5,"(1.5, 3.0, 5.0)","(40, 35, 25)",156,37.2,0.7,-0.404,1.73,0.98,0.006,1.02,5.74
50.0,full,swing,3.0,False,0.4,"(1.5, 2.5, 3.0)","(25, 25, 50)",180,37.8,0.98,-0.591,1.66,0.41,0.002,1.01,8.96
50.0,full,swing,3.0,False,0.4,"(1.5, 3.0, 5.0)","(25, 25, 50)",180,37.8,0.98,-0.591,1.66,0.42,0.002,1.01,8.96
50.0,full,swing,3.0,False,1.0,"(1.5, 2.5, 3.0)","(25, 25, 50)",168,36.9,1.016,-0.592,1.72,0.29,0.002,1.0,7.96
50.0,full,swing,3.0,True,0.4,"(1.5, 2.5, 3.0)","(25, 25, 50)",180,37.8,0.98,-0.591,1.66,0.41,0.002,1.01,8.96
50.0,full,swing,3.0,True,0.4,"(1.5, 3.0, 5.0)","(25, 25, 50)",180,37.8,0.98,-0.591,1.66,0.42,0.002,1.01,8.96
50.0,full,swing,3.0,True,1.0,"(1.5, 2.5, 3.0)","(25, 25, 50)",168,36.9,1.016,-0.592,1.72,0.29,0.002,1.0,7.96
50.0,full,swing,5.0,False,0.4,"(1.5, 2.5, 3.0)","(25, 25, 50)",180,37.8,0.98,-0.591,1.66,0.41,0.002,1.01,8.96
50.0,full,swing,5.0,False,0.4,"(1.5, 3.0, 5.0)","(25, 25, 50)",180,37.8,0.98,-0.591,1.66,0.42,0.002,1.01,8.96
50.0,full,swing,5.0,False,1.0,"(1.5, 2.5, 3.0)","(25, 25, 50)",168,36.9,1.016,-0.592,1.72,0.29,0.002,1.0,7.96
50.0,full,swing,5.0,True,0.4,"(1.5, 2.5, 3.0)","(25, 25, 50)",180,37.8,0.98,-0.591,1.66,0.41,0.002,1.01,8.96
50.0,full,swing,5.0,True,0.4,"(1.5, 3.0, 5.0)","(25, 25, 50)",180,37.8,0.98,-0.591,1.66,0.42,0.002,1.01,8.96
50.0,full,swing,5.0,True,1.0,"(1.5, 2.5, 3.0)","(25, 25, 50)",168,36.9,1.016,-0.592,1.72,0.29,0.002,1.0,7.96
50.0,full,swing,3.0,False,0.4,"(1.5, 2.5, 3.0)","(40, 35, 25)",180,37.8,0.974,-0.591,1.65,0.03,0.0,1.0,8.92
50.0,full,swing,3.0,False,0.4,"(1.5, 3.0, 5.0)","(40, 35, 25)",180,37.8,0.975,-0.591,1.65,0.05,0.0,1.0,8.92
50.0,full,swing,3.0,True,0.4,"(1.5, 2.5, 3.0)","(40, 35, 25)",180,37.8,0.974,-0.591,1.65,0.03,0.0,1.0,8.92
50.0,full,swing,3.0,True,0.4,"(1.5, 3.0, 5.0)","(40, 35, 25)",180,37.8,0.975,-0.591,1.65,0.05,0.0,1.0,8.92
50.0,full,swing,5.0,False,0.4,"(1.5, 2.5, 3.0)","(40, 35, 25)",180,37.8,0.974,-0.591,1.65,0.03,0.0,1.0,8.92
50.0,full,swing,5.0,False,0.4,"(1.5, 3.0, 5.0)","(40, 35, 25)",180,37.8,0.975,-0.591,1.65,0.05,0.0,1.0,8.92
50.0,full,swing,5.0,True,0.4,"(1.5, 2.5, 3.0)","(40, 35, 25)",180,37.8,0.974,-0.591,1.65,0.03,0.0,1.0,8.92
50.0,full,swing,5.0,True,0.4,"(1.5, 3.0, 5.0)","(40, 35, 25)",180,37.8,0.975,-0.591,1.65,0.05,0.0,1.0,8.92
50.0,full,swing,3.0,False,1.0,"(1.5, 3.0, 5.0)","(25, 25, 50)",168,36.9,1.008,-0.592,1.7,-0.2,-0.001,1.0,7.96
50.0,full,swing,3.0,True,1.0,"(1.5, 3.0, 5.0)","(25, 25, 50)",168,36.9,1.008,-0.592,1.7,-0.2,-0.001,1.0,7.96
50.0,full,swing,5.0,False,1.0,"(1.5, 3.0, 5.0)","(25, 25, 50)",168,36.9,1.008,-0.592,1.7,-0.2,-0.001,1.0,7.96
50.0,full,swing,5.0,True,1.0,"(1.5, 3.0, 5.0)","(25, 25, 50)",168,36.9,1.008,-0.592,1.7,-0.2,-0.001,1.0,7.96
50.0,full,swing,3.0,False,1.0,"(1.5, 2.5, 3.0)","(40, 35, 25)",168,36.9,1.002,-0.592,1.69,-0.6,-0.004,0.99,7.96
50.0,full,swing,3.0,False,1.0,"(1.5, 3.0, 5.0)","(40, 35, 25)",168,36.9,1.0,-0.592,1.69,-0.73,-0.004,0.99,7.96
50.0,full,swing,3.0,True,1.0,"(1.5, 2.5, 3.0)","(40, 35, 25)",168,36.9,1.002,-0.592,1.69,-0.6,-0.004,0.99,7.96
50.0,full,swing,3.0,True,1.0,"(1.5, 3.0, 5.0)","(40, 35, 25)",168,36.9,1.0,-0.592,1.69,-0.73,-0.004,0.99,7.96
50.0,full,swing,5.0,False,1.0,"(1.5, 2.5, 3.0)","(40, 35, 25)",168,36.9,1.002,-0.592,1.69,-0.6,-0.004,0.99,7.96
50.0,full,swing,5.0,False,1.0,"(1.5, 3.0, 5.0)","(40, 35, 25)",168,36.9,1.0,-0.592,1.69,-0.73,-0.004,0.99,7.96
50.0,full,swing,5.0,True,1.0,"(1.5, 2.5, 3.0)","(40, 35, 25)",168,36.9,1.002,-0.592,1.69,-0.6,-0.004,0.99,7.96
50.0,full,swing,5.0,True,1.0,"(1.5, 3.0, 5.0)","(40, 35, 25)",168,36.9,1.0,-0.592,1.69,-0.73,-0.004,0.99,7.96
55.0,full,swing,3.0,False,1.5,"(1.5, 3.0, 5.0)","(25, 25, 50)",128,35.2,1.063,-0.591,1.8,-1.23,-0.01,0.98,7.94
55.0,full,swing,3.0,True,1.5,"(1.5, 3.0, 5.0)","(25, 25, 50)",128,35.2,1.063,-0.591,1.8,-1.23,-0.01,0.97,7.94
55.0,full,swing,5.0,False,1.5,"(1.5, 3.0, 5.0)","(25, 25, 50)",128,35.2,1.063,-0.591,1.8,-1.23,-0.01,0.98,7.94
55.0,full,swing,5.0,True,1.5,"(1.5, 3.0, 5.0)","(25, 25, 50)",128,35.2,1.063,-0.591,1.8,-1.23,-0.01,0.97,7.94
50.0,pyramid,swing,3.0,False,1.0,"(1.5, 2.5, 3.0)","(25, 25, 50)",168,36.9,0.666,-0.407,1.64,-1.82,-0.011,0.96,6.68
50.0,pyramid,swing,3.0,True,1.5,"(1.5, 2.5, 3.0)","(25, 25, 50)",158,36.7,0.669,-0.405,1.65,-1.73,-0.011,0.96,5.74
50.0,pyramid,swing,5.0,False,1.0,"(1.5, 2.5, 3.0)","(25, 25, 50)",168,36.9,0.666,-0.407,1.64,-1.82,-0.011,0.96,6.68
50.0,pyramid,swing,5.0,True,1.5,"(1.5, 2.5, 3.0)","(25, 25, 50)",158,36.7,0.669,-0.405,1.65,-1.73,-0.011,0.96,5.74
50.0,pyramid,swing,3.0,True,1.0,"(1.5, 2.5, 3.0)","(25, 25, 50)",168,36.9,0.664,-0.407,1.63,-1.95,-0.012,0.95,6.68
50.0,pyramid,swing,5.0,True,1.0,"(1.5, 2.5, 3.0)","(25, 25, 50)",168,36.9,0.664,-0.407,1.63,-1.95,-0.012,0.95,6.68
50.0,pyramid,swing,3.0,True,1.5,"(1.5, 3.0, 5.0)","(25, 25, 50)",158,36.7,0.664,-0.405,1.64,-2.05,-0.013,0.95,6.14
50.0,pyramid,swing,5.0,True,1.5,"(1.5, 3.0, 5.0)","(25, 25, 50)",158,36.7,0.664,-0.405,1.64,-2.05,-0.013,0.95,6.14
50.0,pyramid,swing,3.0,False,1.0,"(1.5, 3.0, 5.0)","(25, 25, 50)",168,36.9,0.658,-0.407,1.62,-2.31,-0.014,0.95,6.2
50.0,pyramid,swing,3.0,True,1.5,"(1.5, 3.0, 5.0)","(40, 35, 25)",158,36.7,0.66,-0.405,1.63,-2.26,-0.014,0.94,5.74
50.0,pyramid,swing,5.0,False,1.0,"(1.5, 3.0, 5.0)","(25, 25, 50)",168,36.9,0.658,-0.407,1.62,-2.31,-0.014,0.95,6.2
50.0,pyramid,swing,5.0,True,1.5,"(1.5, 3.0, 5.0)","(40, 35, 25)",158,36.7,0.66,-0.405,1.63,-2.26,-0.014,0.94,5.74
50.0,pyramid,swing,3.0,True,1.0,"(1.5, 3.0, 5.0)","(25, 25, 50)",168,36.9,0.656,-0.407,1.61,-2.45,-0.015,0.94,6.2
50.0,pyramid,swing,3.0,True,1.5,"(1.5, 2.5, 3.0)","(40, 35, 25)",158,36.7,0.658,-0.405,1.62,-2.36,-0.015,0.94,5.74
50.0,pyramid,swing,5.0,True,1.0,"(1.5, 3.0, 5.0)","(25, 25, 50)",168,36.9,0.656,-0.407,1.61,-2.45,-0.015,0.94,6.2
50.0,pyramid,swing,5.0,True,1.5,"(1.5, 2.5, 3.0)","(40, 35, 25)",158,36.7,0.658,-0.405,1.62,-2.36,-0.015,0.94,5.74
50.0,pyramid,swing,3.0,False,0.4,"(1.5, 2.5, 3.0)","(25, 25, 50)",180,37.8,0.63,-0.408,1.54,-2.89,-0.016,0.94,6.86
50.0,pyramid,swing,3.0,False,0.4,"(1.5, 3.0, 5.0)","(25, 25, 50)",180,37.8,0.63,-0.408,1.54,-2.88,-0.016,0.94,6.86
50.0,pyramid,swing,3.0,False,1.0,"(1.5, 2.5, 3.0)","(40, 35, 25)",168,36.9,0.652,-0.407,1.6,-2.72,-0.016,0.94,7.24
50.0,pyramid,swing,3.0,True,0.4,"(1.5, 2.5, 3.0)","(25, 25, 50)",180,37.8,0.63,-0.408,1.54,-2.89,-0.016,0.94,6.86
50.0,pyramid,swing,3.0,True,0.4,"(1.5, 3.0, 5.0)","(25, 25, 50)",180,37.8,0.63,-0.408,1.54,-2.88,-0.016,0.94,6.86
50.0,pyramid,swing,5.0,False,0.4,"(1.5, 2.5, 3.0)","(25, 25, 50)",180,37.8,0.63,-0.408,1.54,-2.89,-0.016,0.94,6.86
50.0,pyramid,swing,5.0,False,0.4,"(1.5, 3.0, 5.0)","(25, 25, 50)",180,37.8,0.63,-0.408,1.54,-2.88,-0.016,0.94,6.86
50.0,pyramid,swing,5.0,False,1.0,"(1.5, 2.5, 3.0)","(40, 35, 25)",168,36.9,0.652,-0.407,1.6,-2.72,-0.016,0.94,7.24
50.0,pyramid,swing,5.0,True,0.4,"(1.5, 2.5, 3.0)","(25, 25, 50)",180,37.8,0.63,-0.408,1.54,-2.89,-0.016,0.94,6.86
50.0,pyramid,swing,5.0,True,0.4,"(1.5, 3.0, 5.0)","(25, 25, 50)",180,37.8,0.63,-0.408,1.54,-2.88,-0.016,0.94,6.86
55.0,full,swing,3.0,False,1.5,"(1.5, 2.5, 3.0)","(25, 25, 50)",128,35.2,1.046,-0.591,1.77,-2.01,-0.016,0.96,8.02
55.0,full,swing,3.0,True,1.5,"(1.5, 2.5, 3.0)","(25, 25, 50)",128,35.2,1.046,-0.591,1.77,-2.02,-0.016,0.96,8.02
55.0,full,swing,5.0,False,1.5,"(1.5, 2.5, 3.0)","(25, 25, 50)",128,35.2,1.046,-0.591,1.77,-2.01,-0.016,0.96,8.02
55.0,full,swing,5.0,True,1.5,"(1.5, 2.5, 3.0)","(25, 25, 50)",128,35.2,1.046,-0.591,1.77,-2.02,-0.016,0.96,8.02
55.0,pyramid,swing,3.0,False,1.5,"(1.5, 3.0, 5.0)","(25, 25, 50)",128,34.4,0.731,-0.407,1.79,-2.08,-0.016,0.94,6.6
55.0,pyramid,swing,5.0,False,1.5,"(1.5, 3.0, 5.0)","(25, 25, 50)",128,34.4,0.731,-0.407,1.79,-2.08,-0.016,0.94,6.6
50.0,pyramid,swing,3.0,False,1.0,"(1.5, 3.0, 5.0)","(40, 35, 25)",168,36.9,0.65,-0.407,1.6,-2.84,-0.017,0.93,6.81
50.0,pyramid,swing,3.0,True,1.0,"(1.5, 2.5, 3.0)","(40, 35, 25)",168,36.9,0.65,-0.407,1.6,-2.82,-0.017,0.93,7.24
50.0,pyramid,swing,5.0,False,1.0,"(1.5, 3.0, 5.0)","(40, 35, 25)",168,36.9,0.65,-0.407,1.6,-2.84,-0.017,0.93,6.81
50.0,pyramid,swing,5.0,True,1.0,"(1.5, 2.5, 3.0)","(40, 35, 25)",168,36.9,0.65,-0.407,1.6,-2.82,-0.017,0.93,7.24
55.0,full,swing,3.0,False,1.5,"(1.5, 3.0, 5.0)","(40, 35, 25)",128,35.2,1.042,-0.591,1.76,-2.16,-0.017,0.96,7.94
55.0,full,swing,3.0,True,1.5,"(1.5, 3.0, 5.0)","(40, 35, 25)",128,35.2,1.042,-0.591,1.76,-2.16,-0.017,0.96,7.94
55.0,full,swing,5.0,False,1.5,"(1.5, 3.0, 5.0)","(40, 35, 25)",128,35.2,1.042,-0.591,1.76,-2.16,-0.017,0.96,7.94
55.0,full,swing,5.0,True,1.5,"(1.5, 3.0, 5.0)","(40, 35, 25)",128,35.2,1.042,-0.591,1.76,-2.16,-0.017,0.96,7.94
50.0,pyramid,swing,3.0,False,0.4,"(1.5, 2.5, 3.0)","(40, 35, 25)",180,37.8,0.624,-0.408,1.53,-3.27,-0.018,0.93,7.1
50.0,pyramid,swing,3.0,False,0.4,"(1.5, 3.0, 5.0)","(40, 35, 25)",180,37.8,0.625,-0.408,1.53,-3.25,-0.018,0.93,7.1
50.0,pyramid,swing,3.0,True,0.4,"(1.5, 2.5, 3.0)","(40, 35, 25)",180,37.8,0.624,-0.408,1.53,-3.27,-0.018,0.93,7.1
50.0,pyramid,swing,3.0,True,0.4,"(1.5, 3.0, 5.0)","(40, 35, 25)",180,37.8,0.625,-0.408,1.53,-3.25,-0.018,0.93,7.1
50.0,pyramid,swing,3.0,True,1.0,"(1.5, 3.0, 5.0)","(40, 35, 25)",168,36.9,0.648,-0.407,1.59,-2.95,-0.018,0.93,6.81
50.0,pyramid,swing,5.0,False,0.4,"(1.5, 2.5, 3.0)","(40, 35, 25)",180,37.8,0.624,-0.408,1.53,-3.27,-0.018,0.93,7.1
50.0,pyramid,swing,5.0,False,0.4,"(1.5, 3.0, 5.0)","(40, 35, 25)",180,37.8,0.625,-0.408,1.53,-3.25,-0.018,0.93,7.1
50.0,pyramid,swing,5.0,True,0.4,"(1.5, 2.5, 3.0)","(40, 35, 25)",180,37.8,0.624,-0.408,1.53,-3.27,-0.018,0.93,7.1
50.0,pyramid,swing,5.0,True,0.4,"(1.5, 3.0, 5.0)","(40, 35, 25)",180,37.8,0.625,-0.408,1.53,-3.25,-0.018,0.93,7.1
50.0,pyramid,swing,5.0,True,1.0,"(1.5, 3.0, 5.0)","(40, 35, 25)",168,36.9,0.648,-0.407,1.59,-2.95,-0.018,0.93,6.81
55.0,full,swing,3.0,False,1.5,"(1.5, 2.5, 3.0)","(40, 35, 25)",128,35.2,1.027,-0.591,1.74,-2.84,-0.022,0.94,8.37
55.0,full,swing,3.0,True,1.5,"(1.5, 2.5, 3.0)","(40, 35, 25)",128,35.2,1.027,-0.591,1.74,-2.84,-0.022,0.94,8.37
55.0,full,swing,5.0,False,1.5,"(1.5, 2.5, 3.0)","(40, 35, 25)",128,35.2,1.027,-0.591,1.74,-2.84,-0.022,0.94,8.37
55.0,full,swing,5.0,True,1.5,"(1.5, 2.5, 3.0)","(40, 35, 25)",128,35.2,1.027,-0.591,1.74,-2.84,-0.022,0.94,8.37
55.0,pyramid,swing,3.0,False,1.5,"(1.5, 2.5, 3.0)","(25, 25, 50)",128,34.4,0.713,-0.407,1.75,-2.86,-0.022,0.92,6.23
55.0,pyramid,swing,5.0,False,1.5,"(1.5, 2.5, 3.0)","(25, 25, 50)",128,34.4,0.713,-0.407,1.75,-2.86,-0.022,0.92,6.23
50.0,dca,swing,3.0,False,1.5,"(1.5, 2.5, 3.0)","(25, 25, 50)",156,37.2,0.495,-0.329,1.5,-3.53,-0.023,0.89,5.35
50.0,dca,swing,3.0,True,1.5,"(1.5, 2.5, 3.0)","(25, 25, 50)",156,37.2,0.494,-0.329,1.5,-3.58,-0.023,0.89,5.4
50.0,dca,swing,5.0,False,1.5,"(1.5, 2.5, 3.0)","(25, 25, 50)",156,37.2,0.495,-0.329,1.5,-3.53,-0.023,0.89,5.35
50.0,dca,swing,5.0,True,1.5,"(1.5, 2.5, 3.0)","(25, 25, 50)",156,37.2,0.494,-0.329,1.5,-3.58,-0.023,0.89,5.4
55.0,pyramid,swing,3.0,False,1.5,"(1.5, 3.0, 5.0)","(40, 35, 25)",128,35.2,0.692,-0.412,1.68,-3.01,-0.023,0.91,6.19
55.0,pyramid,swing,5.0,False,1.5,"(1.5, 3.0, 5.0)","(40, 35, 25)",128,35.2,0.692,-0.412,1.68,-3.01,-0.023,0.91,6.19
50.0,dca,swing,3.0,False,1.5,"(1.5, 3.0, 5.0)","(25, 25, 50)",156,37.2,0.491,-0.329,1.49,-3.75,-0.024,0.88,5.36
50.0,dca,swing,3.0,True,1.5,"(1.5, 3.0, 5.0)","(25, 25, 50)",156,37.2,0.49,-0.329,1.49,-3.8,-0.024,0.88,5.41
50.0,dca,swing,5.0,False,1.5,"(1.5, 3.0, 5.0)","(25, 25, 50)",156,37.2,0.491,-0.329,1.49,-3.75,-0.024,0.88,5.36
50.0,dca,swing,5.0,True,1.5,"(1.5, 3.0, 5.0)","(25, 25, 50)",156,37.2,0.49,-0.329,1.49,-3.8,-0.024,0.88,5.41
50.0,dca,swing,3.0,False,1.5,"(1.5, 3.0, 5.0)","(40, 35, 25)",156,37.2,0.485,-0.329,1.47,-4.11,-0.026,0.87,5.78
50.0,dca,swing,5.0,False,1.5,"(1.5, 3.0, 5.0)","(40, 35, 25)",156,37.2,0.485,-0.329,1.47,-4.11,-0.026,0.87,5.78
50.0,dca,swing,3.0,False,1.5,"(1.5, 2.5, 3.0)","(40, 35, 25)",156,37.2,0.484,-0.329,1.47,-4.16,-0.027,0.87,5.95
50.0,dca,swing,3.0,True,1.5,"(1.5, 2.5, 3.0)","(40, 35, 25)",156,37.2,0.483,-0.329,1.47,-4.2,-0.027,0.87,5.99
50.0,dca,swing,3.0,True,1.5,"(1.5, 3.0, 5.0)","(40, 35, 25)",156,37.2,0.484,-0.329,1.47,-4.15,-0.027,0.87,5.82
50.0,dca,swing,5.0,False,1.5,"(1.5, 2.5, 3.0)","(40, 35, 25)",156,37.2,0.484,-0.329,1.47,-4.16,-0.027,0.87,5.95
50.0,dca,swing,5.0,True,1.5,"(1.5, 2.5, 3.0)","(40, 35, 25)",156,37.2,0.483,-0.329,1.47,-4.2,-0.027,0.87,5.99
50.0,dca,swing,5.0,True,1.5,"(1.5, 3.0, 5.0)","(40, 35, 25)",156,37.2,0.484,-0.329,1.47,-4.15,-0.027,0.87,5.82
55.0,pyramid,swing,3.0,False,1.5,"(1.5, 2.5, 3.0)","(40, 35, 25)",128,35.2,0.677,-0.412,1.65,-3.69,-0.029,0.89,6.78
55.0,pyramid,swing,5.0,False,1.5,"(1.5, 2.5, 3.0)","(40, 35, 25)",128,35.2,0.677,-0.412,1.65,-3.69,-0.029,0.89,6.78
55.0,full,swing,3.0,False,1.0,"(1.5, 3.0, 5.0)","(25, 25, 50)",131,35.1,1.004,-0.591,1.7,-4.06,-0.031,0.92,9.13
55.0,full,swing,3.0,True,1.0,"(1.5, 3.0, 5.0)","(25, 25, 50)",131,35.1,1.004,-0.591,1.7,-4.06,-0.031,0.92,9.13
55.0,full,swing,5.0,False,1.0,"(1.5, 3.0, 5.0)","(25, 25, 50)",131,35.1,1.004,-0.591,1.7,-4.06,-0.031,0.92,9.13
55.0,full,swing,5.0,True,1.0,"(1.5, 3.0, 5.0)","(25, 25, 50)",131,35.1,1.004,-0.591,1.7,-4.06,-0.031,0.92,9.13
55.0,pyramid,swing,3.0,True,1.5,"(1.5, 3.0, 5.0)","(25, 25, 50)",129,35.7,0.655,-0.412,1.59,-4.03,-0.031,0.88,8.34
55.0,pyramid,swing,5.0,True,1.5,"(1.5, 3.0, 5.0)","(25, 25, 50)",129,35.7,0.655,-0.412,1.59,-4.03,-0.031,0.88,8.34
55.0,full,swing,3.0,False,1.0,"(1.5, 2.5, 3.0)","(25, 25, 50)",131,35.1,1.0,-0.591,1.69,-4.23,-0.032,0.92,9.65
55.0,full,swing,3.0,True,1.0,"(1.5, 2.5, 3.0)","(25, 25, 50)",131,35.1,1.0,-0.591,1.69,-4.23,-0.032,0.92,9.65
55.0,full,swing,5.0,False,1.0,"(1.5, 2.5, 3.0)","(25, 25, 50)",131,35.1,1.0,-0.591,1.69,-4.23,-0.032,0.92,9.65
55.0,full,swing,5.0,True,1.0,"(1.5, 2.5, 3.0)","(25, 25, 50)",131,35.1,1.0,-0.591,1.69,-4.23,-0.032,0.92,9.65
55.0,full,swing,3.0,False,0.4,"(1.5, 2.5, 3.0)","(25, 25, 50)",133,35.3,0.984,-0.591,1.67,-4.54,-0.034,0.91,11.28
55.0,full,swing,3.0,False,0.4,"(1.5, 3.0, 5.0)","(25, 25, 50)",133,35.3,0.984,-0.591,1.67,-4.54,-0.034,0.91,11.28
55.0,full,swing,3.0,False,1.0,"(1.5, 3.0, 5.0)","(40, 35, 25)",131,35.1,0.996,-0.591,1.68,-4.43,-0.034,0.91,9.77
55.0,full,swing,3.0,True,0.4,"(1.5, 2.5, 3.0)","(25, 25, 50)",133,35.3,0.984,-0.591,1.67,-4.54,-0.034,0.91,11.28
55.0,full,swing,3.0,True,0.4,"(1.5, 3.0, 5.0)","(25, 25, 50)",133,35.3,0.984,-0.591,1.67,-4.54,-0.034,0.91,11.28
55.0,full,swing,3.0,True,1.0,"(1.5, 3.0, 5.0)","(40, 35, 25)",131,35.1,0.996,-0.591,1.68,-4.43,-0.034,0.91,9.77
55.0,full,swing,5.0,False,0.4,"(1.5, 2.5, 3.0)","(25, 25, 50)",133,35.3,0.984,-0.591,1.67,-4.54,-0.034,0.91,11.28
55.0,full,swing,5.0,False,0.4,"(1.5, 3.0, 5.0)","(25, 25, 50)",133,35.3,0.984,-0.591,1.67,-4.54,-0.034,0.91,11.28
55.0,full,swing,5.0,False,1.0,"(1.5, 3.0, 5.0)","(40, 35, 25)",131,35.1,0.996,-0.591,1.68,-4.43,-0.034,0.91,9.77
55.0,full,swing,5.0,True,0.4,"(1.5, 2.5, 3.0)","(25, 25, 50)",133,35.3,0.984,-0.591,1.67,-4.54,-0.034,0.91,11.28
55.0,full,swing,5.0,True,0.4,"(1.5, 3.0, 5.0)","(25, 25, 50)",133,35.3,0.984,-0.591,1.67,-4.54,-0.034,0.91,11.28
55.0,full,swing,5.0,True,1.0,"(1.5, 3.0, 5.0)","(40, 35, 25)",131,35.1,0.996,-0.591,1.68,-4.43,-0.034,0.91,9.77
50.0,dca,swing,3.0,False,0.4,"(1.5, 2.5, 3.0)","(25, 25, 50)",180,37.8,0.45,-0.329,1.37,-6.28,-0.035,0.83,8.36
50.0,dca,swing,3.0,False,0.4,"(1.5, 3.0, 5.0)","(25, 25, 50)",180,37.8,0.45,-0.329,1.37,-6.27,-0.035,0.83,8.36
50.0,dca,swing,3.0,False,1.0,"(1.5, 2.5, 3.0)","(25, 25, 50)",168,36.9,0.468,-0.329,1.42,-5.84,-0.035,0.83,7.17
50.0,dca,swing,3.0,True,0.4,"(1.5, 2.5, 3.0)","(25, 25, 50)",180,37.8,0.45,-0.329,1.37,-6.28,-0.035,0.83,8.36
50.0,dca,swing,3.0,True,0.4,"(1.5, 3.0, 5.0)","(25, 25, 50)",180,37.8,0.45,-0.329,1.37,-6.27,-0.035,0.83,8.36
50.0,dca,swing,3.0,True,1.0,"(1.5, 2.5, 3.0)","(25, 25, 50)",168,36.9,0.468,-0.329,1.42,-5.84,-0.035,0.83,7.17
50.0,dca,swing,5.0,False,0.4,"(1.5, 2.5, 3.0)","(25, 25, 50)",180,37.8,0.45,-0.329,1.37,-6.28,-0.035,0.83,8.36
50.0,dca,swing,5.0,False,0.4,"(1.5, 3.0, 5.0)","(25, 25, 50)",180,37.8,0.45,-0.329,1.37,-6.27,-0.035,0.83,8.36
50.0,dca,swing,5.0,False,1.0,"(1.5, 2.5, 3.0)","(25, 25, 50)",168,36.9,0.468,-0.329,1.42,-5.84,-0.035,0.83,7.17
50.0,dca,swing,5.0,True,0.4,"(1.5, 2.5, 3.0)","(25, 25, 50)",180,37.8,0.45,-0.329,1.37,-6.28,-0.035,0.83,8.36
50.0,dca,swing,5.0,True,0.4,"(1.5, 3.0, 5.0)","(25, 25, 50)",180,37.8,0.45,-0.329,1.37,-6.27,-0.035,0.83,8.36
50.0,dca,swing,5.0,True,1.0,"(1.5, 2.5, 3.0)","(25, 25, 50)",168,36.9,0.468,-0.329,1.42,-5.84,-0.035,0.83,7.17
55.0,pyramid,swing,3.0,True,1.5,"(1.5, 3.0, 5.0)","(40, 35, 25)",129,35.7,0.644,-0.412,1.57,-4.52,-0.035,0.87,7.54
55.0,pyramid,swing,5.0,True,1.5,"(1.5, 3.0, 5.0)","(40, 35, 25)",129,35.7,0.644,-0.412,1.57,-4.52,-0.035,0.87,7.54
50.0,dca,swing,3.0,False,0.4,"(1.5, 2.5, 3.0)","(40, 35, 25)",180,37.8,0.447,-0.329,1.36,-6.46,-0.036,0.82,8.47
50.0,dca,swing,3.0,False,0.4,"(1.5, 3.0, 5.0)","(40, 35, 25)",180,37.8,0.447,-0.329,1.36,-6.45,-0.036,0.82,8.47
50.0,dca,swing,3.0,False,1.0,"(1.5, 3.0, 5.0)","(25, 25, 50)",168,36.9,0.464,-0.329,1.41,-6.09,-0.036,0.83,7.32
50.0,dca,swing,3.0,True,0.4,"(1.5, 2.5, 3.0)","(40, 35, 25)",180,37.8,0.447,-0.329,1.36,-6.46,-0.036,0.82,8.47
50.0,dca,swing,3.0,True,0.4,"(1.5, 3.0, 5.0)","(40, 35, 25)",180,37.8,0.447,-0.329,1.36,-6.45,-0.036,0.82,8.47
50.0,dca,swing,3.0,True,1.0,"(1.5, 3.0, 5.0)","(25, 25, 50)",168,36.9,0.464,-0.329,1.41,-6.09,-0.036,0.83,7.32
50.0,dca,swing,5.0,False,0.4,"(1.5, 2.5, 3.0)","(40, 35, 25)",180,37.8,0.447,-0.329,1.36,-6.46,-0.036,0.82,8.47
50.0,dca,swing,5.0,False,0.4,"(1.5, 3.0, 5.0)","(40, 35, 25)",180,37.8,0.447,-0.329,1.36,-6.45,-0.036,0.82,8.47
50.0,dca,swing,5.0,False,1.0,"(1.5, 3.0, 5.0)","(25, 25, 50)",168,36.9,0.464,-0.329,1.41,-6.09,-0.036,0.83,7.32
50.0,dca,swing,5.0,True,0.4,"(1.5, 2.5, 3.0)","(40, 35, 25)",180,37.8,0.447,-0.329,1.36,-6.46,-0.036,0.82,8.47
50.0,dca,swing,5.0,True,0.4,"(1.5, 3.0, 5.0)","(40, 35, 25)",180,37.8,0.447,-0.329,1.36,-6.45,-0.036,0.82,8.47
50.0,dca,swing,5.0,True,1.0,"(1.5, 3.0, 5.0)","(25, 25, 50)",168,36.9,0.464,-0.329,1.41,-6.09,-0.036,0.83,7.32
55.0,full,swing,3.0,False,0.4,"(1.5, 2.5, 3.0)","(40, 35, 25)",133,35.3,0.98,-0.591,1.66,-4.73,-0.036,0.91,11.41
55.0,full,swing,3.0,False,0.4,"(1.5, 3.0, 5.0)","(40, 35, 25)",133,35.3,0.98,-0.591,1.66,-4.72,-0.036,0.91,11.41
55.0,full,swing,3.0,True,0.4,"(1.5, 2.5, 3.0)","(40, 35, 25)",133,35.3,0.98,-0.591,1.66,-4.73,-0.036,0.91,11.41
55.0,full,swing,3.0,True,0.4,"(1.5, 3.0, 5.0)","(40, 35, 25)",133,35.3,0.98,-0.591,1.66,-4.72,-0.036,0.91,11.41
55.0,full,swing,5.0,False,0.4,"(1.5, 2.5, 3.0)","(40, 35, 25)",133,35.3,0.98,-0.591,1.66,-4.73,-0.036,0.91,11.41
55.0,full,swing,5.0,False,0.4,"(1.5, 3.0, 5.0)","(40, 35, 25)",133,35.3,0.98,-0.591,1.66,-4.72,-0.036,0.91,11.41
55.0,full,swing,5.0,True,0.4,"(1.5, 2.5, 3.0)","(40, 35, 25)",133,35.3,0.98,-0.591,1.66,-4.73,-0.036,0.91,11.41
55.0,full,swing,5.0,True,0.4,"(1.5, 3.0, 5.0)","(40, 35, 25)",133,35.3,0.98,-0.591,1.66,-4.72,-0.036,0.91,11.41
55.0,pyramid,swing,3.0,False,1.0,"(1.5, 3.0, 5.0)","(25, 25, 50)",131,35.1,0.654,-0.41,1.6,-4.76,-0.036,0.86,7.18
55.0,pyramid,swing,5.0,False,1.0,"(1.5, 3.0, 5.0)","(25, 25, 50)",131,35.1,0.654,-0.41,1.6,-4.76,-0.036,0.86,7.18
50.0,dca,swing,3.0,False,1.0,"(1.5, 2.5, 3.0)","(40, 35, 25)",168,36.9,0.461,-0.329,1.4,-6.29,-0.037,0.82,7.62
50.0,dca,swing,3.0,True,1.0,"(1.5, 2.5, 3.0)","(40, 35, 25)",168,36.9,0.461,-0.329,1.4,-6.29,-0.037,0.82,7.62
50.0,dca,swing,5.0,False,1.0,"(1.5, 2.5, 3.0)","(40, 35, 25)",168,36.9,0.461,-0.329,1.4,-6.29,-0.037,0.82,7.62
50.0,dca,swing,5.0,True,1.0,"(1.5, 2.5, 3.0)","(40, 35, 25)",168,36.9,0.461,-0.329,1.4,-6.29,-0.037,0.82,7.62
55.0,pyramid,swing,3.0,True,1.0,"(1.5, 3.0, 5.0)","(25, 25, 50)",131,35.1,0.651,-0.41,1.59,-4.89,-0.037,0.86,7.31
55.0,pyramid,swing,5.0,True,1.0,"(1.5, 3.0, 5.0)","(25, 25, 50)",131,35.1,0.651,-0.41,1.59,-4.89,-0.037,0.86,7.31
50.0,dca,swing,3.0,False,1.0,"(1.5, 3.0, 5.0)","(40, 35, 25)",168,36.9,0.46,-0.329,1.4,-6.35,-0.038,0.82,7.63
50.0,dca,swing,3.0,True,1.0,"(1.5, 3.0, 5.0)","(40, 35, 25)",168,36.9,0.46,-0.329,1.4,-6.35,-0.038,0.82,7.63
50.0,dca,swing,5.0,False,1.0,"(1.5, 3.0, 5.0)","(40, 35, 25)",168,36.9,0.46,-0.329,1.4,-6.35,-0.038,0.82,7.63
50.0,dca,swing,5.0,True,1.0,"(1.5, 3.0, 5.0)","(40, 35, 25)",168,36.9,0.46,-0.329,1.4,-6.35,-0.038,0.82,7.63
55.0,full,swing,3.0,False,1.0,"(1.5, 2.5, 3.0)","(40, 35, 25)",131,35.1,0.985,-0.591,1.67,-4.93,-0.038,0.9,10.09
55.0,full,swing,3.0,True,1.0,"(1.5, 2.5, 3.0)","(40, 35, 25)",131,35.1,0.985,-0.591,1.67,-4.93,-0.038,0.9,10.09
55.0,full,swing,5.0,False,1.0,"(1.5, 2.5, 3.0)","(40, 35, 25)",131,35.1,0.985,-0.591,1.67,-4.93,-0.038,0.9,10.09
55.0,full,swing,5.0,True,1.0,"(1.5, 2.5, 3.0)","(40, 35, 25)",131,35.1,0.985,-0.591,1.67,-4.93,-0.038,0.9,10.09
55.0,pyramid,swing,3.0,False,1.0,"(1.5, 2.5, 3.0)","(25, 25, 50)",131,35.1,0.65,-0.41,1.59,-4.93,-0.038,0.86,7.58
55.0,pyramid,swing,5.0,False,1.0,"(1.5, 2.5, 3.0)","(25, 25, 50)",131,35.1,0.65,-0.41,1.59,-4.93,-0.038,0.86,7.58
55.0,pyramid,swing,3.0,False,1.0,"(1.5, 3.0, 5.0)","(40, 35, 25)",131,35.1,0.646,-0.41,1.58,-5.13,-0.039,0.85,7.45
55.0,pyramid,swing,3.0,True,1.0,"(1.5, 2.5, 3.0)","(25, 25, 50)",131,35.1,0.647,-0.41,1.58,-5.06,-0.039,0.85,7.71
55.0,pyramid,swing,3.0,True,1.5,"(1.5, 2.5, 3.0)","(25, 25, 50)",129,35.7,0.632,-0.412,1.54,-5.08,-0.039,0.85,8.04
55.0,pyramid,swing,5.0,False,1.0,"(1.5, 3.0, 5.0)","(40, 35, 25)",131,35.1,0.646,-0.41,1.58,-5.13,-0.039,0.85,7.45
55.0,pyramid,swing,5.0,True,1.0,"(1.5, 2.5, 3.0)","(25, 25, 50)",131,35.1,0.647,-0.41,1.58,-5.06,-0.039,0.85,7.71
55.0,pyramid,swing,5.0,True,1.5,"(1.5, 2.5, 3.0)","(25, 25, 50)",129,35.7,0.632,-0.412,1.54,-5.08,-0.039,0.85,8.04
55.0,pyramid,swing,3.0,False,0.4,"(1.5, 2.5, 3.0)","(25, 25, 50)",133,35.3,0.634,-0.409,1.55,-5.34,-0.04,0.85,8.52
55.0,pyramid,swing,3.0,False,0.4,"(1.5, 3.0, 5.0)","(25, 25, 50)",133,35.3,0.634,-0.409,1.55,-5.34,-0.04,0.85,8.52
55.0,pyramid,swing,3.0,True,0.4,"(1.5, 2.5, 3.0)","(25, 25, 50)",133,35.3,0.634,-0.409,1.55,-5.34,-0.04,0.85,8.52
55.0,pyramid,swing,3.0,True,0.4,"(1.5, 3.0, 5.0)","(25, 25, 50)",133,35.3,0.634,-0.409,1.55,-5.34,-0.04,0.85,8.52
55.0,pyramid,swing,3.0,True,1.0,"(1.5, 3.0, 5.0)","(40, 35, 25)",131,35.1,0.643,-0.41,1.57,-5.24,-0.04,0.85,7.55
55.0,pyramid,swing,5.0,False,0.4,"(1.5, 2.5, 3.0)","(25, 25, 50)",133,35.3,0.634,-0.409,1.55,-5.34,-0.04,0.85,8.52
55.0,pyramid,swing,5.0,False,0.4,"(1.5, 3.0, 5.0)","(25, 25, 50)",133,35.3,0.634,-0.409,1.55,-5.34,-0.04,0.85,8.52
55.0,pyramid,swing,5.0,True,0.4,"(1.5, 2.5, 3.0)","(25, 25, 50)",133,35.3,0.634,-0.409,1.55,-5.34,-0.04,0.85,8.52
55.0,pyramid,swing,5.0,True,0.4,"(1.5, 3.0, 5.0)","(25, 25, 50)",133,35.3,0.634,-0.409,1.55,-5.34,-0.04,0.85,8.52
55.0,pyramid,swing,5.0,True,1.0,"(1.5, 3.0, 5.0)","(40, 35, 25)",131,35.1,0.643,-0.41,1.57,-5.24,-0.04,0.85,7.55
55.0,dca,swing,3.0,False,1.5,"(1.5, 3.0, 5.0)","(25, 25, 50)",128,35.2,0.492,-0.332,1.48,-5.43,-0.042,0.8,6.9
55.0,dca,swing,3.0,True,1.5,"(1.5, 3.0, 5.0)","(25, 25, 50)",128,35.2,0.492,-0.332,1.48,-5.43,-0.042,0.8,6.9
55.0,dca,swing,5.0,False,1.5,"(1.5, 3.0, 5.0)","(25, 25, 50)",128,35.2,0.492,-0.332,1.48,-5.43,-0.042,0.8,6.9
55.0,dca,swing,5.0,True,1.5,"(1.5, 3.0, 5.0)","(25, 25, 50)",128,35.2,0.492,-0.332,1.48,-5.43,-0.042,0.8,6.9
55.0,pyramid,swing,3.0,False,0.4,"(1.5, 2.5, 3.0)","(40, 35, 25)",133,35.3,0.63,-0.409,1.54,-5.53,-0.042,0.84,8.65
55.0,pyramid,swing,3.0,False,0.4,"(1.5, 3.0, 5.0)","(40, 35, 25)",133,35.3,0.63,-0.409,1.54,-5.52,-0.042,0.84,8.65
55.0,pyramid,swing,3.0,True,0.4,"(1.5, 2.5, 3.0)","(40, 35, 25)",133,35.3,0.63,-0.409,1.54,-5.53,-0.042,0.84,8.65
55.0,pyramid,swing,3.0,True,0.4,"(1.5, 3.0, 5.0)","(40, 35, 25)",133,35.3,0.63,-0.409,1.54,-5.52,-0.042,0.84,8.65
55.0,pyramid,swing,3.0,True,1.5,"(1.5, 2.5, 3.0)","(40, 35, 25)",129,35.7,0.625,-0.412,1.52,-5.39,-0.042,0.84,8.07
55.0,pyramid,swing,5.0,False,0.4,"(1.5, 2.5, 3.0)","(40, 35, 25)",133,35.3,0.63,-0.409,1.54,-5.53,-0.042,0.84,8.65
55.0,pyramid,swing,5.0,False,0.4,"(1.5, 3.0, 5.0)","(40, 35, 25)",133,35.3,0.63,-0.409,1.54,-5.52,-0.042,0.84,8.65
55.0,pyramid,swing,5.0,True,0.4,"(1.5, 2.5, 3.0)","(40, 35, 25)",133,35.3,0.63,-0.409,1.54,-5.53,-0.042,0.84,8.65
55.0,pyramid,swing,5.0,True,0.4,"(1.5, 3.0, 5.0)","(40, 35, 25)",133,35.3,0.63,-0.409,1.54,-5.52,-0.042,0.84,8.65
55.0,pyramid,swing,5.0,True,1.5,"(1.5, 2.5, 3.0)","(40, 35, 25)",129,35.7,0.625,-0.412,1.52,-5.39,-0.042,0.84,8.07
55.0,pyramid,swing,3.0,False,1.0,"(1.5, 2.5, 3.0)","(40, 35, 25)",131,35.1,0.635,-0.41,1.55,-5.63,-0.043,0.84,7.92
55.0,pyramid,swing,5.0,False,1.0,"(1.5, 2.5, 3.0)","(40, 35, 25)",131,35.1,0.635,-0.41,1.55,-5.63,-0.043,0.84,7.92
55.0,pyramid,swing,3.0,True,1.0,"(1.5, 2.5, 3.0)","(40, 35, 25)",131,35.1,0.632,-0.41,1.54,-5.73,-0.044,0.84,8.02
55.0,pyramid,swing,5.0,True,1.0,"(1.5, 2.5, 3.0)","(40, 35, 25)",131,35.1,0.632,-0.41,1.54,-5.73,-0.044,0.84,8.02
55.0,dca,swing,3.0,False,1.5,"(1.5, 2.5, 3.0)","(25, 25, 50)",128,35.2,0.483,-0.332,1.45,-5.82,-0.045,0.79,7.12
55.0,dca,swing,3.0,True,1.5,"(1.5, 2.5, 3.0)","(25, 25, 50)",128,35.2,0.483,-0.332,1.45,-5.82,-0.045,0.79,7.12
55.0,dca,swing,5.0,False,1.5,"(1.5, 2.5, 3.0)","(25, 25, 50)",128,35.2,0.483,-0.332,1.45,-5.82,-0.045,0.79,7.12
55.0,dca,swing,5.0,True,1.5,"(1.5, 2.5, 3.0)","(25, 25, 50)",128,35.2,0.483,-0.332,1.45,-5.82,-0.045,0.79,7.12
55.0,dca,swing,3.0,False,1.5,"(1.5, 3.0, 5.0)","(40, 35, 25)",128,35.2,0.481,-0.332,1.45,-5.89,-0.046,0.79,7.2
55.0,dca,swing,3.0,True,1.5,"(1.5, 3.0, 5.0)","(40, 35, 25)",128,35.2,0.481,-0.332,1.45,-5.89,-0.046,0.79,7.2
55.0,dca,swing,5.0,False,1.5,"(1.5, 3.0, 5.0)","(40, 35, 25)",128,35.2,0.481,-0.332,1.45,-5.89,-0.046,0.79,7.2
55.0,dca,swing,5.0,True,1.5,"(1.5, 3.0, 5.0)","(40, 35, 25)",128,35.2,0.481,-0.332,1.45,-5.89,-0.046,0.79,7.2
55.0,dca,swing,3.0,False,1.5,"(1.5, 2.5, 3.0)","(40, 35, 25)",128,35.2,0.474,-0.332,1.43,-6.23,-0.049,0.77,7.37
55.0,dca,swing,3.0,True,1.5,"(1.5, 2.5, 3.0)","(40, 35, 25)",128,35.2,0.474,-0.332,1.43,-6.23,-0.049,0.77,7.37
55.0,dca,swing,5.0,False,1.5,"(1.5, 2.5, 3.0)","(40, 35, 25)",128,35.2,0.474,-0.332,1.43,-6.23,-0.049,0.77,7.37
55.0,dca,swing,5.0,True,1.5,"(1.5, 2.5, 3.0)","(40, 35, 25)",128,35.2,0.474,-0.332,1.43,-6.23,-0.049,0.77,7.37
55.0,dca,swing,3.0,False,1.0,"(1.5, 3.0, 5.0)","(25, 25, 50)",131,35.1,0.462,-0.332,1.39,-6.96,-0.053,0.75,8.2
55.0,dca,swing,3.0,True,1.0,"(1.5, 3.0, 5.0)","(25, 25, 50)",131,35.1,0.462,-0.332,1.39,-6.96,-0.053,0.75,8.2
55.0,dca,swing,5.0,False,1.0,"(1.5, 3.0, 5.0)","(25, 25, 50)",131,35.1,0.462,-0.332,1.39,-6.96,-0.053,0.75,8.2
55.0,dca,swing,5.0,True,1.0,"(1.5, 3.0, 5.0)","(25, 25, 50)",131,35.1,0.462,-0.332,1.39,-6.96,-0.053,0.75,8.2
55.0,dca,swing,3.0,False,1.0,"(1.5, 2.5, 3.0)","(25, 25, 50)",131,35.1,0.46,-0.332,1.39,-7.05,-0.054,0.75,8.36
55.0,dca,swing,3.0,True,1.0,"(1.5, 2.5, 3.0)","(25, 25, 50)",131,35.1,0.46,-0.332,1.39,-7.05,-0.054,0.75,8.36
55.0,dca,swing,5.0,False,1.0,"(1.5, 2.5, 3.0)","(25, 25, 50)",131,35.1,0.46,-0.332,1.39,-7.05,-0.054,0.75,8.36
55.0,dca,swing,5.0,True,1.0,"(1.5, 2.5, 3.0)","(25, 25, 50)",131,35.1,0.46,-0.332,1.39,-7.05,-0.054,0.75,8.36
55.0,dca,swing,3.0,False,0.4,"(1.5, 2.5, 3.0)","(40, 35, 25)",133,35.3,0.45,-0.332,1.36,-7.38,-0.055,0.74,8.49
55.0,dca,swing,3.0,False,0.4,"(1.5, 2.5, 3.0)","(25, 25, 50)",133,35.3,0.452,-0.332,1.36,-7.28,-0.055,0.74,8.41
55.0,dca,swing,3.0,False,0.4,"(1.5, 3.0, 5.0)","(40, 35, 25)",133,35.3,0.45,-0.332,1.36,-7.38,-0.055,0.74,8.49
55.0,dca,swing,3.0,False,0.4,"(1.5, 3.0, 5.0)","(25, 25, 50)",133,35.3,0.452,-0.332,1.36,-7.28,-0.055,0.74,8.41
55.0,dca,swing,3.0,False,1.0,"(1.5, 3.0, 5.0)","(40, 35, 25)",131,35.1,0.458,-0.332,1.38,-7.15,-0.055,0.75,8.38
55.0,dca,swing,3.0,True,0.4,"(1.5, 2.5, 3.0)","(40, 35, 25)",133,35.3,0.45,-0.332,1.36,-7.38,-0.055,0.74,8.49
55.0,dca,swing,3.0,True,0.4,"(1.5, 2.5, 3.0)","(25, 25, 50)",133,35.3,0.452,-0.332,1.36,-7.28,-0.055,0.74,8.41
55.0,dca,swing,3.0,True,0.4,"(1.5, 3.0, 5.0)","(40, 35, 25)",133,35.3,0.45,-0.332,1.36,-7.38,-0.055,0.74,8.49
55.0,dca,swing,3.0,True,0.4,"(1.5, 3.0, 5.0)","(25, 25, 50)",133,35.3,0.452,-0.332,1.36,-7.28,-0.055,0.74,8.41
55.0,dca,swing,3.0,True,1.0,"(1.5, 3.0, 5.0)","(40, 35, 25)",131,35.1,0.458,-0.332,1.38,-7.15,-0.055,0.75,8.38
55.0,dca,swing,5.0,False,0.4,"(1.5, 2.5, 3.0)","(40, 35, 25)",133,35.3,0.45,-0.332,1.36,-7.38,-0.055,0.74,8.49
55.0,dca,swing,5.0,False,0.4,"(1.5, 2.5, 3.0)","(25, 25, 50)",133,35.3,0.452,-0.332,1.36,-7.28,-0.055,0.74,8.41
55.0,dca,swing,5.0,False,0.4,"(1.5, 3.0, 5.0)","(40, 35, 25)",133,35.3,0.45,-0.332,1.36,-7.38,-0.055,0.74,8.49
55.0,dca,swing,5.0,False,0.4,"(1.5, 3.0, 5.0)","(25, 25, 50)",133,35.3,0.452,-0.332,1.36,-7.28,-0.055,0.74,8.41
55.0,dca,swing,5.0,False,1.0,"(1.5, 3.0, 5.0)","(40, 35, 25)",131,35.1,0.458,-0.332,1.38,-7.15,-0.055,0.75,8.38
55.0,dca,swing,5.0,True,0.4,"(1.5, 2.5, 3.0)","(40, 35, 25)",133,35.3,0.45,-0.332,1.36,-7.38,-0.055,0.74,8.49
55.0,dca,swing,5.0,True,0.4,"(1.5, 2.5, 3.0)","(25, 25, 50)",133,35.3,0.452,-0.332,1.36,-7.28,-0.055,0.74,8.41
55.0,dca,swing,5.0,True,0.4,"(1.5, 3.0, 5.0)","(40, 35, 25)",133,35.3,0.45,-0.332,1.36,-7.38,-0.055,0.74,8.49
55.0,dca,swing,5.0,True,0.4,"(1.5, 3.0, 5.0)","(25, 25, 50)",133,35.3,0.452,-0.332,1.36,-7.28,-0.055,0.74,8.41
55.0,dca,swing,5.0,True,1.0,"(1.5, 3.0, 5.0)","(40, 35, 25)",131,35.1,0.458,-0.332,1.38,-7.15,-0.055,0.75,8.38
55.0,dca,swing,3.0,False,1.0,"(1.5, 2.5, 3.0)","(40, 35, 25)",131,35.1,0.452,-0.332,1.36,-7.4,-0.056,0.74,8.62
55.0,dca,swing,3.0,True,1.0,"(1.5, 2.5, 3.0)","(40, 35, 25)",131,35.1,0.452,-0.332,1.36,-7.4,-0.056,0.74,8.62
55.0,dca,swing,5.0,False,1.0,"(1.5, 2.5, 3.0)","(40, 35, 25)",131,35.1,0.452,-0.332,1.36,-7.4,-0.056,0.74,8.62
55.0,dca,swing,5.0,True,1.0,"(1.5, 2.5, 3.0)","(40, 35, 25)",131,35.1,0.452,-0.332,1.36,-7.4,-0.056,0.74,8.62
