entry_type,slope_threshold_pct,partial_r,trail_atr,ema_exit,max_stop_pct,trades,win_rate,avg_win,avg_loss,payoff,avg_r,net_pnl_pct,net_expectancy_pct,net_profit_factor,max_dd_pct
breakout,0.5,,3.0,False,2.0,20,35.0,2.661,-0.79,3.37,0.27,8.35,0.418,1.81,3.9
breakout,0.5,,3.0,False,3.0,20,35.0,2.661,-0.79,3.37,0.27,8.35,0.418,1.81,3.9
breakout,0.5,1.0,3.0,False,2.0,21,47.6,1.59,-0.87,1.83,0.19,6.34,0.302,1.66,2.76
breakout,0.5,1.0,3.0,False,3.0,21,47.6,1.59,-0.87,1.83,0.19,6.34,0.302,1.66,2.76
breakout,0.5,1.5,3.0,False,2.0,21,42.9,1.823,-0.924,1.97,0.17,5.31,0.253,1.48,2.94
breakout,0.5,1.5,3.0,False,3.0,21,42.9,1.823,-0.924,1.97,0.17,5.31,0.253,1.48,2.94
breakout,0.5,,3.0,True,2.0,33,24.2,2.324,-0.411,5.66,0.22,8.33,0.252,1.81,3.83
breakout,0.5,,3.0,True,3.0,33,24.2,2.324,-0.411,5.66,0.22,8.33,0.252,1.81,3.83
breakout,0.5,1.0,2.0,False,2.0,27,51.9,1.07,-0.657,1.63,0.18,6.44,0.238,1.75,2.09
breakout,0.5,1.0,2.0,False,3.0,27,51.9,1.07,-0.657,1.63,0.18,6.44,0.238,1.75,2.09
breakout,0.5,1.0,3.0,True,2.0,33,30.3,1.556,-0.364,4.27,0.21,7.19,0.218,1.86,2.64
breakout,0.5,1.0,3.0,True,3.0,33,30.3,1.556,-0.364,4.27,0.21,7.19,0.218,1.86,2.64
breakout,0.5,1.5,2.0,False,2.0,27,48.1,1.152,-0.66,1.75,0.17,5.74,0.213,1.62,2.16
breakout,0.5,1.5,2.0,False,3.0,27,48.1,1.152,-0.66,1.75,0.17,5.74,0.213,1.62,2.16
breakout,0.5,,2.0,False,2.0,27,48.1,1.12,-0.66,1.7,0.14,5.33,0.197,1.58,2.31
breakout,0.5,,2.0,False,3.0,27,48.1,1.12,-0.66,1.7,0.14,5.33,0.197,1.58,2.31
breakout,0.5,1.5,3.0,True,2.0,33,24.2,1.943,-0.411,4.73,0.16,5.28,0.16,1.51,3.43
breakout,0.5,1.5,3.0,True,3.0,33,24.2,1.943,-0.411,4.73,0.16,5.28,0.16,1.51,3.43
breakout,0.5,1.0,2.0,True,2.0,39,35.9,1.006,-0.346,2.91,0.14,5.44,0.14,1.63,2.6
breakout,0.5,1.0,2.0,True,3.0,39,35.9,1.006,-0.346,2.91,0.14,5.44,0.14,1.63,2.6
breakout,0.5,1.5,2.0,True,2.0,39,33.3,1.075,-0.359,2.99,0.13,4.64,0.119,1.5,3.26
breakout,0.5,1.5,2.0,True,3.0,39,33.3,1.075,-0.359,2.99,0.13,4.64,0.119,1.5,3.26
breakout,0.5,,2.0,True,2.0,39,33.3,1.072,-0.359,2.99,0.12,4.61,0.118,1.49,3.26
breakout,0.5,,2.0,True,3.0,39,33.3,1.072,-0.359,2.99,0.12,4.61,0.118,1.49,3.26
breakout,0.3,1.0,3.0,True,2.0,79,24.1,0.951,-0.337,2.82,0.03,-2.13,-0.027,0.89,10.34
breakout,0.3,1.0,3.0,True,3.0,79,24.1,0.951,-0.337,2.82,0.03,-2.13,-0.027,0.89,10.34
breakout,0.3,1.0,3.0,False,2.0,45,51.1,0.84,-0.957,0.88,0.0,-1.73,-0.038,0.92,10.42
breakout,0.3,1.0,3.0,False,3.0,45,51.1,0.84,-0.957,0.88,0.0,-1.73,-0.038,0.92,10.42
breakout,0.3,,3.0,False,2.0,42,28.6,1.742,-0.753,2.31,-0.07,-1.69,-0.04,0.93,10.1
breakout,0.3,,3.0,False,3.0,42,28.6,1.742,-0.753,2.31,-0.07,-1.69,-0.04,0.93,10.1
breakout,0.3,,3.0,True,2.0,79,16.5,1.577,-0.36,4.38,-0.01,-3.25,-0.041,0.86,12.05
breakout,0.3,,3.0,True,3.0,79,16.5,1.577,-0.36,4.38,-0.01,-3.25,-0.041,0.86,12.05
breakout,0.3,1.0,2.0,False,2.0,56,46.4,0.749,-0.728,1.03,0.01,-2.36,-0.042,0.89,9.78
breakout,0.3,1.0,2.0,False,3.0,56,46.4,0.749,-0.728,1.03,0.01,-2.36,-0.042,0.89,9.78
breakout,0.3,1.0,2.0,True,2.0,86,26.7,0.747,-0.33,2.26,0.01,-3.6,-0.042,0.83,10.56
breakout,0.3,1.0,2.0,True,3.0,86,26.7,0.747,-0.33,2.26,0.01,-3.6,-0.042,0.83,10.56
pullback,0.5,,3.0,True,2.0,26,26.9,1.234,-0.541,2.28,0.01,-1.63,-0.063,0.84,4.5
pullback,0.5,,3.0,True,3.0,26,26.9,1.234,-0.541,2.28,0.01,-1.63,-0.063,0.84,4.5
breakout,0.3,1.5,2.0,True,2.0,86,22.1,0.884,-0.332,2.66,-0.01,-5.43,-0.063,0.76,11.66
breakout,0.3,1.5,2.0,True,3.0,86,22.1,0.884,-0.332,2.66,-0.01,-5.43,-0.063,0.76,11.66
breakout,0.3,,2.0,True,2.0,86,22.1,0.874,-0.332,2.64,-0.02,-5.61,-0.065,0.75,12.2
breakout,0.3,,2.0,True,3.0,86,22.1,0.874,-0.332,2.64,-0.02,-5.61,-0.065,0.75,12.2
breakout,0.3,1.5,3.0,True,2.0,79,16.5,1.366,-0.36,3.8,-0.03,-5.99,-0.076,0.75,12.17
breakout,0.3,1.5,3.0,True,3.0,79,16.5,1.366,-0.36,3.8,-0.03,-5.99,-0.076,0.75,12.17
breakout,0.3,1.5,2.0,False,2.0,56,33.9,1.002,-0.643,1.56,-0.04,-4.74,-0.085,0.8,10.26
breakout,0.3,1.5,2.0,False,3.0,56,33.9,1.002,-0.643,1.56,-0.04,-4.74,-0.085,0.8,10.26
breakout,0.3,,2.0,False,2.0,56,33.9,0.964,-0.643,1.5,-0.06,-5.47,-0.098,0.77,11.12
breakout,0.3,,2.0,False,3.0,56,33.9,0.964,-0.643,1.5,-0.06,-5.47,-0.098,0.77,11.12
pullback,0.5,1.5,3.0,True,2.0,27,25.9,1.156,-0.542,2.13,-0.03,-2.74,-0.102,0.75,3.85
pullback,0.5,1.5,3.0,True,3.0,27,25.9,1.156,-0.542,2.13,-0.03,-2.74,-0.102,0.75,3.85
breakout,0.3,1.5,3.0,False,2.0,44,36.4,1.229,-0.878,1.4,-0.09,-4.92,-0.112,0.8,9.75
breakout,0.3,1.5,3.0,False,3.0,44,36.4,1.229,-0.878,1.4,-0.09,-4.92,-0.112,0.8,9.75
pullback,0.5,1.0,3.0,True,2.0,31,35.5,0.682,-0.568,1.2,-0.05,-3.86,-0.124,0.66,4.67
pullback,0.5,1.0,3.0,True,3.0,31,35.5,0.682,-0.568,1.2,-0.05,-3.86,-0.124,0.66,4.67
pullback,0.5,,3.0,False,2.0,20,30.0,1.364,-0.81,1.68,-0.13,-3.16,-0.158,0.72,6.98
pullback,0.5,,3.0,False,3.0,20,30.0,1.364,-0.81,1.68,-0.13,-3.16,-0.158,0.72,6.98
pullback,0.3,,3.0,True,2.0,63,20.6,0.874,-0.438,2.0,-0.1,-10.52,-0.167,0.52,12.48
pullback,0.3,,3.0,True,3.0,63,20.6,0.874,-0.438,2.0,-0.1,-10.52,-0.167,0.52,12.48
pullback,0.3,1.0,3.0,True,2.0,68,29.4,0.522,-0.457,1.14,-0.09,-11.48,-0.169,0.48,12.37
pullback,0.3,1.0,3.0,True,3.0,68,29.4,0.522,-0.457,1.14,-0.09,-11.48,-0.169,0.48,12.37
pullback,0.3,1.5,3.0,True,2.0,64,21.9,0.801,-0.448,1.79,-0.1,-11.17,-0.175,0.5,12.16
pullback,0.3,1.5,3.0,True,3.0,64,21.9,0.801,-0.448,1.79,-0.1,-11.17,-0.175,0.5,12.16
pullback,0.5,1.0,2.0,True,2.0,35,34.3,0.549,-0.575,0.96,-0.11,-6.63,-0.189,0.5,6.63
pullback,0.5,1.0,2.0,True,3.0,35,34.3,0.549,-0.575,0.96,-0.11,-6.63,-0.189,0.5,6.63
pullback,0.5,1.5,3.0,False,2.0,21,33.3,1.149,-0.861,1.34,-0.14,-4.0,-0.191,0.67,5.96
pullback,0.5,1.5,3.0,False,3.0,21,33.3,1.149,-0.861,1.34,-0.14,-4.0,-0.191,0.67,5.96
pullback,0.3,1.0,2.0,True,2.0,76,27.6,0.487,-0.453,1.08,-0.12,-14.69,-0.193,0.41,15.15
pullback,0.3,1.0,2.0,True,3.0,76,27.6,0.487,-0.453,1.08,-0.12,-14.69,-0.193,0.41,15.15
pullback,0.5,1.0,3.0,False,2.0,25,44.0,0.693,-0.897,0.77,-0.14,-4.93,-0.197,0.61,6.71
pullback,0.5,1.0,3.0,False,3.0,25,44.0,0.693,-0.897,0.77,-0.14,-4.93,-0.197,0.61,6.71
pullback,0.5,,2.0,True,2.0,32,25.0,0.854,-0.548,1.56,-0.12,-6.33,-0.198,0.52,7.22
pullback,0.5,,2.0,True,3.0,32,25.0,0.854,-0.548,1.56,-0.12,-6.33,-0.198,0.52,7.22
pullback,0.3,,2.0,True,2.0,72,20.8,0.709,-0.447,1.58,-0.13,-14.87,-0.206,0.42,15.54
pullback,0.3,,2.0,True,3.0,72,20.8,0.709,-0.447,1.58,-0.13,-14.87,-0.206,0.42,15.54
pullback,0.5,1.5,2.0,True,2.0,33,24.2,0.842,-0.542,1.55,-0.14,-6.82,-0.207,0.5,6.82
pullback,0.5,1.5,2.0,True,3.0,33,24.2,0.842,-0.542,1.55,-0.14,-6.82,-0.207,0.5,6.82
pullback,0.3,1.5,2.0,True,2.0,73,20.5,0.715,-0.446,1.6,-0.14,-15.17,-0.208,0.41,15.8
pullback,0.3,1.5,2.0,True,3.0,73,20.5,0.715,-0.446,1.6,-0.14,-15.17,-0.208,0.41,15.8
pullback,0.5,1.0,2.0,False,2.0,30,40.0,0.559,-0.76,0.73,-0.18,-6.98,-0.233,0.49,7.04
pullback,0.5,1.0,2.0,False,3.0,30,40.0,0.559,-0.76,0.73,-0.18,-6.98,-0.233,0.49,7.04
pullback,0.3,1.5,3.0,False,2.0,41,36.6,0.758,-0.806,0.94,-0.15,-9.6,-0.234,0.54,11.57
pullback,0.3,1.5,3.0,False,3.0,41,36.6,0.758,-0.806,0.94,-0.15,-9.6,-0.234,0.54,11.57
pullback,0.3,1.0,3.0,False,2.0,45,44.4,0.512,-0.832,0.62,-0.15,-10.56,-0.235,0.49,12.18
pullback,0.3,1.0,3.0,False,3.0,45,44.4,0.512,-0.832,0.62,-0.15,-10.56,-0.235,0.49,12.18
pullback,0.5,,2.0,False,2.0,27,29.6,0.87,-0.7,1.24,-0.17,-6.34,-0.235,0.52,7.71
pullback,0.5,,2.0,False,3.0,27,29.6,0.87,-0.7,1.24,-0.17,-6.34,-0.235,0.52,7.71
pullback,0.5,1.5,2.0,False,2.0,28,28.6,0.858,-0.685,1.25,-0.19,-6.83,-0.244,0.5,7.0
pullback,0.5,1.5,2.0,False,3.0,28,28.6,0.858,-0.685,1.25,-0.19,-6.83,-0.244,0.5,7.0
pullback,0.3,,3.0,False,2.0,40,27.5,0.967,-0.708,1.37,-0.19,-9.89,-0.247,0.52,13.4
pullback,0.3,,3.0,False,3.0,40,27.5,0.967,-0.708,1.37,-0.19,-9.89,-0.247,0.52,13.4
pullback,0.3,1.0,2.0,False,2.0,62,33.9,0.508,-0.639,0.8,-0.19,-15.52,-0.25,0.41,15.84
pullback,0.3,1.0,2.0,False,3.0,62,33.9,0.508,-0.639,0.8,-0.19,-15.52,-0.25,0.41,15.84
pullback,0.3,,2.0,False,2.0,58,25.9,0.733,-0.615,1.19,-0.21,-15.44,-0.266,0.42,15.69
pullback,0.3,,2.0,False,3.0,58,25.9,0.733,-0.615,1.19,-0.21,-15.44,-0.266,0.42,15.69
pullback,0.3,1.5,2.0,False,2.0,59,25.4,0.74,-0.61,1.21,-0.21,-15.73,-0.267,0.41,16.15
pullback,0.3,1.5,2.0,False,3.0,59,25.4,0.74,-0.61,1.21,-0.21,-15.73,-0.267,0.41,16.15
